Code,Full Description,Class,Approach
410090,"Bypass Abdominal Aorta to Abdominal Aorta with Autologous Venous Tissue, Open Approach",AAA,Open Approach
410096,"Bypass Abdominal Aorta to Right Common Iliac Artery with Autologous Venous Tissue, Open Approach",AAA,Open Approach
410097,"Bypass Abdominal Aorta to Left Common Iliac Artery with Autologous Venous Tissue, Open Approach",AAA,Open Approach
410098,"Bypass Abdominal Aorta to Bilateral Common Iliac Arteries with Autologous Venous Tissue, Open Approach",AAA,Open Approach
410099,"Bypass Abdominal Aorta to Right Internal Iliac Artery with Autologous Venous Tissue, Open Approach",AAA,Open Approach
041009B,"Bypass Abdominal Aorta to Left Internal Iliac Artery with Autologous Venous Tissue, Open Approach",AAA,Open Approach
041009C,"Bypass Abdominal Aorta to Bilateral Internal Iliac Arteries with Autologous Venous Tissue, Open Approach",AAA,Open Approach
041009D,"Bypass Abdominal Aorta to Right External Iliac Artery with Autologous Venous Tissue, Open Approach",AAA,Open Approach
041009F,"Bypass Abdominal Aorta to Left External Iliac Artery with Autologous Venous Tissue, Open Approach",AAA,Open Approach
041009G,"Bypass Abdominal Aorta to Bilateral External Iliac Arteries with Autologous Venous Tissue, Open Approach",AAA,Open Approach
041009H,"Bypass Abdominal Aorta to Right Femoral Artery with Autologous Venous Tissue, Open Approach",AAA,Open Approach
041009J,"Bypass Abdominal Aorta to Left Femoral Artery with Autologous Venous Tissue, Open Approach",AAA,Open Approach
041009K,"Bypass Abdominal Aorta to Bilateral Femoral Arteries with Autologous Venous Tissue, Open Approach",AAA,Open Approach
041009Q,"Bypass Abdominal Aorta to Lower Extremity Artery with Autologous Venous Tissue, Open Approach",AAA,Open Approach
041009R,"Bypass Abdominal Aorta to Lower Artery with Autologous Venous Tissue, Open Approach",AAA,Open Approach
04100A0,"Bypass Abdominal Aorta to Abdominal Aorta with Autologous Arterial Tissue, Open Approach",AAA,Open Approach
04100A6,"Bypass Abdominal Aorta to Right Common Iliac Artery with Autologous Arterial Tissue, Open Approach",AAA,Open Approach
04100A7,"Bypass Abdominal Aorta to Left Common Iliac Artery with Autologous Arterial Tissue, Open Approach",AAA,Open Approach
04100A8,"Bypass Abdominal Aorta to Bilateral Common Iliac Arteries with Autologous Arterial Tissue, Open Approach",AAA,Open Approach
04100A9,"Bypass Abdominal Aorta to Right Internal Iliac Artery with Autologous Arterial Tissue, Open Approach",AAA,Open Approach
04100AB,"Bypass Abdominal Aorta to Left Internal Iliac Artery with Autologous Arterial Tissue, Open Approach",AAA,Open Approach
04100AC,"Bypass Abdominal Aorta to Bilateral Internal Iliac Arteries with Autologous Arterial Tissue, Open Approach",AAA,Open Approach
04100AD,"Bypass Abdominal Aorta to Right External Iliac Artery with Autologous Arterial Tissue, Open Approach",AAA,Open Approach
04100AF,"Bypass Abdominal Aorta to Left External Iliac Artery with Autologous Arterial Tissue, Open Approach",AAA,Open Approach
04100AG,"Bypass Abdominal Aorta to Bilateral External Iliac Arteries with Autologous Arterial Tissue, Open Approach",AAA,Open Approach
04100AH,"Bypass Abdominal Aorta to Right Femoral Artery with Autologous Arterial Tissue, Open Approach",AAA,Open Approach
04100AJ,"Bypass Abdominal Aorta to Left Femoral Artery with Autologous Arterial Tissue, Open Approach",AAA,Open Approach
04100AK,"Bypass Abdominal Aorta to Bilateral Femoral Arteries with Autologous Arterial Tissue, Open Approach",AAA,Open Approach
04100AQ,"Bypass Abdominal Aorta to Lower Extremity Artery with Autologous Arterial Tissue, Open Approach",AAA,Open Approach
04100AR,"Bypass Abdominal Aorta to Lower Artery with Autologous Arterial Tissue, Open Approach",AAA,Open Approach
04100J0,"Bypass Abdominal Aorta to Abdominal Aorta with Synthetic Substitute, Open Approach",AAA,Open Approach
04100J6,"Bypass Abdominal Aorta to Right Common Iliac Artery with Synthetic Substitute, Open Approach",AAA,Open Approach
04100J7,"Bypass Abdominal Aorta to Left Common Iliac Artery with Synthetic Substitute, Open Approach",AAA,Open Approach
04100J8,"Bypass Abdominal Aorta to Bilateral Common Iliac Arteries with Synthetic Substitute, Open Approach",AAA,Open Approach
04100J9,"Bypass Abdominal Aorta to Right Internal Iliac Artery with Synthetic Substitute, Open Approach",AAA,Open Approach
04100JB,"Bypass Abdominal Aorta to Left Internal Iliac Artery with Synthetic Substitute, Open Approach",AAA,Open Approach
04100JC,"Bypass Abdominal Aorta to Bilateral Internal Iliac Arteries with Synthetic Substitute, Open Approach",AAA,Open Approach
04100JD,"Bypass Abdominal Aorta to Right External Iliac Artery with Synthetic Substitute, Open Approach",AAA,Open Approach
04100JF,"Bypass Abdominal Aorta to Left External Iliac Artery with Synthetic Substitute, Open Approach",AAA,Open Approach
04100JG,"Bypass Abdominal Aorta to Bilateral External Iliac Arteries with Synthetic Substitute, Open Approach",AAA,Open Approach
04100JH,"Bypass Abdominal Aorta to Right Femoral Artery with Synthetic Substitute, Open Approach",AAA,Open Approach
04100JJ,"Bypass Abdominal Aorta to Left Femoral Artery with Synthetic Substitute, Open Approach",AAA,Open Approach
04100JK,"Bypass Abdominal Aorta to Bilateral Femoral Arteries with Synthetic Substitute, Open Approach",AAA,Open Approach
04100JQ,"Bypass Abdominal Aorta to Lower Extremity Artery with Synthetic Substitute, Open Approach",AAA,Open Approach
04100JR,"Bypass Abdominal Aorta to Lower Artery with Synthetic Substitute, Open Approach",AAA,Open Approach
04100K0,"Bypass Abdominal Aorta to Abdominal Aorta with Nonautologous Tissue Substitute, Open Approach",AAA,Open Approach
04100K6,"Bypass Abdominal Aorta to Right Common Iliac Artery with Nonautologous Tissue Substitute, Open Approach",AAA,Open Approach
04100K7,"Bypass Abdominal Aorta to Left Common Iliac Artery with Nonautologous Tissue Substitute, Open Approach",AAA,Open Approach
04100K8,"Bypass Abdominal Aorta to Bilateral Common Iliac Arteries with Nonautologous Tissue Substitute, Open Approach",AAA,Open Approach
04100K9,"Bypass Abdominal Aorta to Right Internal Iliac Artery with Nonautologous Tissue Substitute, Open Approach",AAA,Open Approach
04100KB,"Bypass Abdominal Aorta to Left Internal Iliac Artery with Nonautologous Tissue Substitute, Open Approach",AAA,Open Approach
04100KC,"Bypass Abdominal Aorta to Bilateral Internal Iliac Arteries with Nonautologous Tissue Substitute, Open Approach",AAA,Open Approach
04100KD,"Bypass Abdominal Aorta to Right External Iliac Artery with Nonautologous Tissue Substitute, Open Approach",AAA,Open Approach
04100KF,"Bypass Abdominal Aorta to Left External Iliac Artery with Nonautologous Tissue Substitute, Open Approach",AAA,Open Approach
04100KG,"Bypass Abdominal Aorta to Bilateral External Iliac Arteries with Nonautologous Tissue Substitute, Open Approach",AAA,Open Approach
04100KH,"Bypass Abdominal Aorta to Right Femoral Artery with Nonautologous Tissue Substitute, Open Approach",AAA,Open Approach
04100KJ,"Bypass Abdominal Aorta to Left Femoral Artery with Nonautologous Tissue Substitute, Open Approach",AAA,Open Approach
04100KK,"Bypass Abdominal Aorta to Bilateral Femoral Arteries with Nonautologous Tissue Substitute, Open Approach",AAA,Open Approach
04100KQ,"Bypass Abdominal Aorta to Lower Extremity Artery with Nonautologous Tissue Substitute, Open Approach",AAA,Open Approach
04100KR,"Bypass Abdominal Aorta to Lower Artery with Nonautologous Tissue Substitute, Open Approach",AAA,Open Approach
04100Z0,"Bypass Abdominal Aorta to Abdominal Aorta, Open Approach",AAA,Open Approach
04100Z6,"Bypass Abdominal Aorta to Right Common Iliac Artery, Open Approach",AAA,Open Approach
04100Z7,"Bypass Abdominal Aorta to Left Common Iliac Artery, Open Approach",AAA,Open Approach
04100Z8,"Bypass Abdominal Aorta to Bilateral Common Iliac Arteries, Open Approach",AAA,Open Approach
04100Z9,"Bypass Abdominal Aorta to Right Internal Iliac Artery, Open Approach",AAA,Open Approach
04100ZB,"Bypass Abdominal Aorta to Left Internal Iliac Artery, Open Approach",AAA,Open Approach
04100ZC,"Bypass Abdominal Aorta to Bilateral Internal Iliac Arteries, Open Approach",AAA,Open Approach
04100ZD,"Bypass Abdominal Aorta to Right External Iliac Artery, Open Approach",AAA,Open Approach
04100ZF,"Bypass Abdominal Aorta to Left External Iliac Artery, Open Approach",AAA,Open Approach
04100ZG,"Bypass Abdominal Aorta to Bilateral External Iliac Arteries, Open Approach",AAA,Open Approach
04100ZH,"Bypass Abdominal Aorta to Right Femoral Artery, Open Approach",AAA,Open Approach
04100ZJ,"Bypass Abdominal Aorta to Left Femoral Artery, Open Approach",AAA,Open Approach
04100ZK,"Bypass Abdominal Aorta to Bilateral Femoral Arteries, Open Approach",AAA,Open Approach
04100ZQ,"Bypass Abdominal Aorta to Lower Extremity Artery, Open Approach",AAA,Open Approach
04100ZR,"Bypass Abdominal Aorta to Lower Artery, Open Approach",AAA,Open Approach
410490,"Bypass Abdominal Aorta to Abdominal Aorta with Autologous Venous Tissue, Percutaneous Endoscopic Approach",AAA,Percutaneous Endoscopic Approach
410496,"Bypass Abdominal Aorta to Right Common Iliac Artery with Autologous Venous Tissue, Percutaneous Endoscopic Approach",AAA,Percutaneous Endoscopic Approach
410497,"Bypass Abdominal Aorta to Left Common Iliac Artery with Autologous Venous Tissue, Percutaneous Endoscopic Approach",AAA,Percutaneous Endoscopic Approach
410498,"Bypass Abdominal Aorta to Bilateral Common Iliac Arteries with Autologous Venous Tissue, Percutaneous Endoscopic Approach",AAA,Percutaneous Endoscopic Approach
410499,"Bypass Abdominal Aorta to Right Internal Iliac Artery with Autologous Venous Tissue, Percutaneous Endoscopic Approach",AAA,Percutaneous Endoscopic Approach
041049B,"Bypass Abdominal Aorta to Left Internal Iliac Artery with Autologous Venous Tissue, Percutaneous Endoscopic Approach",AAA,Percutaneous Endoscopic Approach
041049C,"Bypass Abdominal Aorta to Bilateral Internal Iliac Arteries with Autologous Venous Tissue, Percutaneous Endoscopic Approach",AAA,Percutaneous Endoscopic Approach
041049D,"Bypass Abdominal Aorta to Right External Iliac Artery with Autologous Venous Tissue, Percutaneous Endoscopic Approach",AAA,Percutaneous Endoscopic Approach
041049F,"Bypass Abdominal Aorta to Left External Iliac Artery with Autologous Venous Tissue, Percutaneous Endoscopic Approach",AAA,Percutaneous Endoscopic Approach
041049G,"Bypass Abdominal Aorta to Bilateral External Iliac Arteries with Autologous Venous Tissue, Percutaneous Endoscopic Approach",AAA,Percutaneous Endoscopic Approach
041049H,"Bypass Abdominal Aorta to Right Femoral Artery with Autologous Venous Tissue, Percutaneous Endoscopic Approach",AAA,Percutaneous Endoscopic Approach
041049J,"Bypass Abdominal Aorta to Left Femoral Artery with Autologous Venous Tissue, Percutaneous Endoscopic Approach",AAA,Percutaneous Endoscopic Approach
041049K,"Bypass Abdominal Aorta to Bilateral Femoral Arteries with Autologous Venous Tissue, Percutaneous Endoscopic Approach",AAA,Percutaneous Endoscopic Approach
041049Q,"Bypass Abdominal Aorta to Lower Extremity Artery with Autologous Venous Tissue, Percutaneous Endoscopic Approach",AAA,Percutaneous Endoscopic Approach
041049R,"Bypass Abdominal Aorta to Lower Artery with Autologous Venous Tissue, Percutaneous Endoscopic Approach",AAA,Percutaneous Endoscopic Approach
04104A0,"Bypass Abdominal Aorta to Abdominal Aorta with Autologous Arterial Tissue, Percutaneous Endoscopic Approach",AAA,Percutaneous Endoscopic Approach
04104A6,"Bypass Abdominal Aorta to Right Common Iliac Artery with Autologous Arterial Tissue, Percutaneous Endoscopic Approach",AAA,Percutaneous Endoscopic Approach
04104A7,"Bypass Abdominal Aorta to Left Common Iliac Artery with Autologous Arterial Tissue, Percutaneous Endoscopic Approach",AAA,Percutaneous Endoscopic Approach
04104A8,"Bypass Abdominal Aorta to Bilateral Common Iliac Arteries with Autologous Arterial Tissue, Percutaneous Endoscopic Approach",AAA,Percutaneous Endoscopic Approach
04104A9,"Bypass Abdominal Aorta to Right Internal Iliac Artery with Autologous Arterial Tissue, Percutaneous Endoscopic Approach",AAA,Percutaneous Endoscopic Approach
04104AB,"Bypass Abdominal Aorta to Left Internal Iliac Artery with Autologous Arterial Tissue, Percutaneous Endoscopic Approach",AAA,Percutaneous Endoscopic Approach
04104AC,"Bypass Abdominal Aorta to Bilateral Internal Iliac Arteries with Autologous Arterial Tissue, Percutaneous Endoscopic Approach",AAA,Percutaneous Endoscopic Approach
04104AD,"Bypass Abdominal Aorta to Right External Iliac Artery with Autologous Arterial Tissue, Percutaneous Endoscopic Approach",AAA,Percutaneous Endoscopic Approach
04104AF,"Bypass Abdominal Aorta to Left External Iliac Artery with Autologous Arterial Tissue, Percutaneous Endoscopic Approach",AAA,Percutaneous Endoscopic Approach
04104AG,"Bypass Abdominal Aorta to Bilateral External Iliac Arteries with Autologous Arterial Tissue, Percutaneous Endoscopic Approach",AAA,Percutaneous Endoscopic Approach
04104AH,"Bypass Abdominal Aorta to Right Femoral Artery with Autologous Arterial Tissue, Percutaneous Endoscopic Approach",AAA,Percutaneous Endoscopic Approach
04104AJ,"Bypass Abdominal Aorta to Left Femoral Artery with Autologous Arterial Tissue, Percutaneous Endoscopic Approach",AAA,Percutaneous Endoscopic Approach
04104AK,"Bypass Abdominal Aorta to Bilateral Femoral Arteries with Autologous Arterial Tissue, Percutaneous Endoscopic Approach",AAA,Percutaneous Endoscopic Approach
04104AQ,"Bypass Abdominal Aorta to Lower Extremity Artery with Autologous Arterial Tissue, Percutaneous Endoscopic Approach",AAA,Percutaneous Endoscopic Approach
04104AR,"Bypass Abdominal Aorta to Lower Artery with Autologous Arterial Tissue, Percutaneous Endoscopic Approach",AAA,Percutaneous Endoscopic Approach
04104J0,"Bypass Abdominal Aorta to Abdominal Aorta with Synthetic Substitute, Percutaneous Endoscopic Approach",AAA,Percutaneous Endoscopic Approach
04104J6,"Bypass Abdominal Aorta to Right Common Iliac Artery with Synthetic Substitute, Percutaneous Endoscopic Approach",AAA,Percutaneous Endoscopic Approach
04104J7,"Bypass Abdominal Aorta to Left Common Iliac Artery with Synthetic Substitute, Percutaneous Endoscopic Approach",AAA,Percutaneous Endoscopic Approach
04104J8,"Bypass Abdominal Aorta to Bilateral Common Iliac Arteries with Synthetic Substitute, Percutaneous Endoscopic Approach",AAA,Percutaneous Endoscopic Approach
04104J9,"Bypass Abdominal Aorta to Right Internal Iliac Artery with Synthetic Substitute, Percutaneous Endoscopic Approach",AAA,Percutaneous Endoscopic Approach
04104JB,"Bypass Abdominal Aorta to Left Internal Iliac Artery with Synthetic Substitute, Percutaneous Endoscopic Approach",AAA,Percutaneous Endoscopic Approach
04104JC,"Bypass Abdominal Aorta to Bilateral Internal Iliac Arteries with Synthetic Substitute, Percutaneous Endoscopic Approach",AAA,Percutaneous Endoscopic Approach
04104JD,"Bypass Abdominal Aorta to Right External Iliac Artery with Synthetic Substitute, Percutaneous Endoscopic Approach",AAA,Percutaneous Endoscopic Approach
04104JF,"Bypass Abdominal Aorta to Left External Iliac Artery with Synthetic Substitute, Percutaneous Endoscopic Approach",AAA,Percutaneous Endoscopic Approach
04104JG,"Bypass Abdominal Aorta to Bilateral External Iliac Arteries with Synthetic Substitute, Percutaneous Endoscopic Approach",AAA,Percutaneous Endoscopic Approach
04104JH,"Bypass Abdominal Aorta to Right Femoral Artery with Synthetic Substitute, Percutaneous Endoscopic Approach",AAA,Percutaneous Endoscopic Approach
04104JJ,"Bypass Abdominal Aorta to Left Femoral Artery with Synthetic Substitute, Percutaneous Endoscopic Approach",AAA,Percutaneous Endoscopic Approach
04104JK,"Bypass Abdominal Aorta to Bilateral Femoral Arteries with Synthetic Substitute, Percutaneous Endoscopic Approach",AAA,Percutaneous Endoscopic Approach
04104JQ,"Bypass Abdominal Aorta to Lower Extremity Artery with Synthetic Substitute, Percutaneous Endoscopic Approach",AAA,Percutaneous Endoscopic Approach
04104JR,"Bypass Abdominal Aorta to Lower Artery with Synthetic Substitute, Percutaneous Endoscopic Approach",AAA,Percutaneous Endoscopic Approach
04104K0,"Bypass Abdominal Aorta to Abdominal Aorta with Nonautologous Tissue Substitute, Percutaneous Endoscopic Approach",AAA,Percutaneous Endoscopic Approach
04104K6,"Bypass Abdominal Aorta to Right Common Iliac Artery with Nonautologous Tissue Substitute, Percutaneous Endoscopic Approach",AAA,Percutaneous Endoscopic Approach
04104K7,"Bypass Abdominal Aorta to Left Common Iliac Artery with Nonautologous Tissue Substitute, Percutaneous Endoscopic Approach",AAA,Percutaneous Endoscopic Approach
04104K8,"Bypass Abdominal Aorta to Bilateral Common Iliac Arteries with Nonautologous Tissue Substitute, Percutaneous Endoscopic Approach",AAA,Percutaneous Endoscopic Approach
04104K9,"Bypass Abdominal Aorta to Right Internal Iliac Artery with Nonautologous Tissue Substitute, Percutaneous Endoscopic Approach",AAA,Percutaneous Endoscopic Approach
04104KB,"Bypass Abdominal Aorta to Left Internal Iliac Artery with Nonautologous Tissue Substitute, Percutaneous Endoscopic Approach",AAA,Percutaneous Endoscopic Approach
04104KC,"Bypass Abdominal Aorta to Bilateral Internal Iliac Arteries with Nonautologous Tissue Substitute, Percutaneous Endoscopic Approach",AAA,Percutaneous Endoscopic Approach
04104KD,"Bypass Abdominal Aorta to Right External Iliac Artery with Nonautologous Tissue Substitute, Percutaneous Endoscopic Approach",AAA,Percutaneous Endoscopic Approach
04104KF,"Bypass Abdominal Aorta to Left External Iliac Artery with Nonautologous Tissue Substitute, Percutaneous Endoscopic Approach",AAA,Percutaneous Endoscopic Approach
04104KG,"Bypass Abdominal Aorta to Bilateral External Iliac Arteries with Nonautologous Tissue Substitute, Percutaneous Endoscopic Approach",AAA,Percutaneous Endoscopic Approach
04104KH,"Bypass Abdominal Aorta to Right Femoral Artery with Nonautologous Tissue Substitute, Percutaneous Endoscopic Approach",AAA,Percutaneous Endoscopic Approach
04104KJ,"Bypass Abdominal Aorta to Left Femoral Artery with Nonautologous Tissue Substitute, Percutaneous Endoscopic Approach",AAA,Percutaneous Endoscopic Approach
04104KK,"Bypass Abdominal Aorta to Bilateral Femoral Arteries with Nonautologous Tissue Substitute, Percutaneous Endoscopic Approach",AAA,Percutaneous Endoscopic Approach
04104KQ,"Bypass Abdominal Aorta to Lower Extremity Artery with Nonautologous Tissue Substitute, Percutaneous Endoscopic Approach",AAA,Percutaneous Endoscopic Approach
04104KR,"Bypass Abdominal Aorta to Lower Artery with Nonautologous Tissue Substitute, Percutaneous Endoscopic Approach",AAA,Percutaneous Endoscopic Approach
04104Z0,"Bypass Abdominal Aorta to Abdominal Aorta, Percutaneous Endoscopic Approach",AAA,Percutaneous Endoscopic Approach
04104Z6,"Bypass Abdominal Aorta to Right Common Iliac Artery, Percutaneous Endoscopic Approach",AAA,Percutaneous Endoscopic Approach
04104Z7,"Bypass Abdominal Aorta to Left Common Iliac Artery, Percutaneous Endoscopic Approach",AAA,Percutaneous Endoscopic Approach
04104Z8,"Bypass Abdominal Aorta to Bilateral Common Iliac Arteries, Percutaneous Endoscopic Approach",AAA,Percutaneous Endoscopic Approach
04104Z9,"Bypass Abdominal Aorta to Right Internal Iliac Artery, Percutaneous Endoscopic Approach",AAA,Percutaneous Endoscopic Approach
04104ZB,"Bypass Abdominal Aorta to Left Internal Iliac Artery, Percutaneous Endoscopic Approach",AAA,Percutaneous Endoscopic Approach
04104ZC,"Bypass Abdominal Aorta to Bilateral Internal Iliac Arteries, Percutaneous Endoscopic Approach",AAA,Percutaneous Endoscopic Approach
04104ZD,"Bypass Abdominal Aorta to Right External Iliac Artery, Percutaneous Endoscopic Approach",AAA,Percutaneous Endoscopic Approach
04104ZF,"Bypass Abdominal Aorta to Left External Iliac Artery, Percutaneous Endoscopic Approach",AAA,Percutaneous Endoscopic Approach
04104ZG,"Bypass Abdominal Aorta to Bilateral External Iliac Arteries, Percutaneous Endoscopic Approach",AAA,Percutaneous Endoscopic Approach
04104ZH,"Bypass Abdominal Aorta to Right Femoral Artery, Percutaneous Endoscopic Approach",AAA,Percutaneous Endoscopic Approach
04104ZJ,"Bypass Abdominal Aorta to Left Femoral Artery, Percutaneous Endoscopic Approach",AAA,Percutaneous Endoscopic Approach
04104ZK,"Bypass Abdominal Aorta to Bilateral Femoral Arteries, Percutaneous Endoscopic Approach",AAA,Percutaneous Endoscopic Approach
04104ZQ,"Bypass Abdominal Aorta to Lower Extremity Artery, Percutaneous Endoscopic Approach",AAA,Percutaneous Endoscopic Approach
04104ZR,"Bypass Abdominal Aorta to Lower Artery, Percutaneous Endoscopic Approach",AAA,Percutaneous Endoscopic Approach
04500ZZ,"Destruction of Abdominal Aorta, Open Approach",AAA,Open Approach
04503ZZ,"Destruction of Abdominal Aorta, Percutaneous Approach",AAA,Percutaneous Approach
04504ZZ,"Destruction of Abdominal Aorta, Percutaneous Endoscopic Approach",AAA,Percutaneous Endoscopic Approach
04B00ZZ,"Excision of Abdominal Aorta, Open Approach",AAA,Open Approach
04B03ZZ,"Excision of Abdominal Aorta, Percutaneous Approach",AAA,Percutaneous Approach
04B04ZZ,"Excision of Abdominal Aorta, Percutaneous Endoscopic Approach",AAA,Percutaneous Endoscopic Approach
04H00DZ,"Insertion of Intraluminal Device into Abdominal Aorta, Open Approach",AAA,Open Approach
04H03DZ,"Insertion of Intraluminal Device into Abdominal Aorta, Percutaneous Approach",AAA,Percutaneous Approach
04H04DZ,"Insertion of Intraluminal Device into Abdominal Aorta, Percutaneous Endoscopic Approach",AAA,Percutaneous Endoscopic Approach
04L00DJ,"Occlusion of Abdominal Aorta with Intraluminal Device, Temporary, Open Approach",AAA,Open Approach
04L00DZ,"Occlusion of Abdominal Aorta with Intraluminal Device, Open Approach",AAA,Open Approach
04L00ZZ,"Occlusion of Abdominal Aorta, Open Approach",AAA,Open Approach
04L03DJ,"Occlusion of Abdominal Aorta with Intraluminal Device, Temporary, Percutaneous Approach",AAA,Percutaneous Approach
04L03DZ,"Occlusion of Abdominal Aorta with Intraluminal Device, Percutaneous Approach",AAA,Percutaneous Approach
04L03ZZ,"Occlusion of Abdominal Aorta, Percutaneous Approach",AAA,Percutaneous Approach
04L04DZ,"Occlusion of Abdominal Aorta with Intraluminal Device, Percutaneous Endoscopic Approach",AAA,Percutaneous Endoscopic Approach
04L04ZZ,"Occlusion of Abdominal Aorta, Percutaneous Endoscopic Approach",AAA,Percutaneous Endoscopic Approach
04Q00ZZ,"Repair Abdominal Aorta, Open Approach",AAA,Open Approach
04Q03ZZ,"Repair Abdominal Aorta, Percutaneous Approach",AAA,Percutaneous Approach
04Q04ZZ,"Repair Abdominal Aorta, Percutaneous Endoscopic Approach",AAA,Percutaneous Endoscopic Approach
04R007Z,"Replacement of Abdominal Aorta with Autologous Tissue Substitute, Open Approach",AAA,Open Approach
04R00JZ,"Replacement of Abdominal Aorta with Synthetic Substitute, Open Approach",AAA,Open Approach
04R00KZ,"Replacement of Abdominal Aorta with Nonautologous Tissue Substitute, Open Approach",AAA,Open Approach
04R047Z,"Replacement of Abdominal Aorta with Autologous Tissue Substitute, Percutaneous Endoscopic Approach",AAA,Percutaneous Endoscopic Approach
04R04JZ,"Replacement of Abdominal Aorta with Synthetic Substitute, Percutaneous Endoscopic Approach",AAA,Percutaneous Endoscopic Approach
04R04KZ,"Replacement of Abdominal Aorta with Nonautologous Tissue Substitute, Percutaneous Endoscopic Approach",AAA,Percutaneous Endoscopic Approach
04U007Z,"Supplement Abdominal Aorta with Autologous Tissue Substitute, Open Approach",AAA,Open Approach
04U00JZ,"Supplement Abdominal Aorta with Synthetic Substitute, Open Approach",AAA,Open Approach
04U00KZ,"Supplement Abdominal Aorta with Nonautologous Tissue Substitute, Open Approach",AAA,Open Approach
04U037Z,"Supplement Abdominal Aorta with Autologous Tissue Substitute, Percutaneous Approach",AAA,Percutaneous Approach
04U03JZ,"Supplement Abdominal Aorta with Synthetic Substitute, Percutaneous Approach",AAA,Percutaneous Approach
04U03KZ,"Supplement Abdominal Aorta with Nonautologous Tissue Substitute, Percutaneous Approach",AAA,Percutaneous Approach
04U047Z,"Supplement Abdominal Aorta with Autologous Tissue Substitute, Percutaneous Endoscopic Approach",AAA,Percutaneous Endoscopic Approach
04U04JZ,"Supplement Abdominal Aorta with Synthetic Substitute, Percutaneous Endoscopic Approach",AAA,Percutaneous Endoscopic Approach
04U04KZ,"Supplement Abdominal Aorta with Nonautologous Tissue Substitute, Percutaneous Endoscopic Approach",AAA,Percutaneous Endoscopic Approach
04V00D6,"Restriction of Abdominal Aorta, Bifurcation, with Intraluminal Device, Open Approach",AAA,Open Approach
04V00DJ,"Restriction of Abdominal Aorta with Intraluminal Device, Temporary, Open Approach",AAA,Open Approach
04V00DZ,"Restriction of Abdominal Aorta with Intraluminal Device, Open Approach",AAA,Open Approach
04V00E6,"Restriction of Abdominal Aorta, Bifurcation, with Branched or Fenestrated Intraluminal Device, One or Two Arteries, Open Approach",AAA,Open Approach
04V00EZ,"Restriction of Abdominal Aorta with Branched or Fenestrated Intraluminal Device, One or Two Arteries, Open Approach",AAA,Open Approach
04V00F6,"Restriction of Abdominal Aorta, Bifurcation, with Branched or Fenestrated Intraluminal Device, Three or More Arteries, Open Approach",AAA,Open Approach
04V00FZ,"Restriction of Abdominal Aorta with Branched or Fenestrated Intraluminal Device, Three or More Arteries, Open Approach",AAA,Open Approach
04V00Z6,"Restriction of Abdominal Aorta, Bifurcation, Open Approach",AAA,Open Approach
04V00ZZ,"Restriction of Abdominal Aorta, Open Approach",AAA,Open Approach
04V03D6,"Restriction of Abdominal Aorta, Bifurcation, with Intraluminal Device, Percutaneous Approach",AAA,Percutaneous Approach
04V03DJ,"Restriction of Abdominal Aorta with Intraluminal Device, Temporary, Percutaneous Approach",AAA,Percutaneous Approach
04V03DZ,"Restriction of Abdominal Aorta with Intraluminal Device, Percutaneous Approach",AAA,Percutaneous Approach
04V03E6,"Restriction of Abdominal Aorta, Bifurcation, with Branched or Fenestrated Intraluminal Device, One or Two Arteries, Percutaneous Approach",AAA,Percutaneous Approach
04V03EZ,"Restriction of Abdominal Aorta with Branched or Fenestrated Intraluminal Device, One or Two Arteries, Percutaneous Approach",AAA,Percutaneous Approach
04V03F6,"Restriction of Abdominal Aorta, Bifurcation, with Branched or Fenestrated Intraluminal Device, Three or More Arteries, Percutaneous Approach",AAA,Percutaneous Approach
04V03FZ,"Restriction of Abdominal Aorta with Branched or Fenestrated Intraluminal Device, Three or More Arteries, Percutaneous Approach",AAA,Percutaneous Approach
04V03Z6,"Restriction of Abdominal Aorta, Bifurcation, Percutaneous Approach",AAA,Percutaneous Approach
04V03ZZ,"Restriction of Abdominal Aorta, Percutaneous Approach",AAA,Percutaneous Approach
04V04D6,"Restriction of Abdominal Aorta, Bifurcation, with Intraluminal Device, Percutaneous Endoscopic Approach",AAA,Percutaneous Endoscopic Approach
04V04DJ,"Restriction of Abdominal Aorta with Intraluminal Device, Temporary, Percutaneous Endoscopic Approach",AAA,Percutaneous Endoscopic Approach
04V04DZ,"Restriction of Abdominal Aorta with Intraluminal Device, Percutaneous Endoscopic Approach",AAA,Percutaneous Endoscopic Approach
04V04E6,"Restriction of Abdominal Aorta, Bifurcation, with Branched or Fenestrated Intraluminal Device, One or Two Arteries, Percutaneous Endoscopic Approach",AAA,Percutaneous Endoscopic Approach
04V04EZ,"Restriction of Abdominal Aorta with Branched or Fenestrated Intraluminal Device, One or Two Arteries, Percutaneous Endoscopic Approach",AAA,Percutaneous Endoscopic Approach
04V04F6,"Restriction of Abdominal Aorta, Bifurcation, with Branched or Fenestrated Intraluminal Device, Three or More Arteries, Percutaneous Endoscopic Approach",AAA,Percutaneous Endoscopic Approach
04V04FZ,"Restriction of Abdominal Aorta with Branched or Fenestrated Intraluminal Device, Three or More Arteries, Percutaneous Endoscopic Approach",AAA,Percutaneous Endoscopic Approach
04V04Z6,"Restriction of Abdominal Aorta, Bifurcation, Percutaneous Endoscopic Approach",AAA,Percutaneous Endoscopic Approach
04V04ZZ,"Restriction of Abdominal Aorta, Percutaneous Endoscopic Approach",AAA,Percutaneous Endoscopic Approach
0SH908Z,"Insertion of Spacer into Right Hip Joint, Open Approach",THA,Open Approach
0SH938Z,"Insertion of Spacer into Right Hip Joint, Percutaneous Approach",THA,Percutaneous Approach
0SH948Z,"Insertion of Spacer into Right Hip Joint, Percutaneous Endoscopic Approach",THA,Percutaneous Endoscopic Approach
0SHB08Z,"Insertion of Spacer into Left Hip Joint, Open Approach",THA,Open Approach
0SHB38Z,"Insertion of Spacer into Left Hip Joint, Percutaneous Approach",THA,Percutaneous Approach
0SHB48Z,"Insertion of Spacer into Left Hip Joint, Percutaneous Endoscopic Approach",THA,Percutaneous Endoscopic Approach
0SP908Z,"Removal of Spacer from Right Hip Joint, Open Approach",THA,Open Approach
0SP909Z,"Removal of Liner from Right Hip Joint, Open Approach",THA,Open Approach
0SP90BZ,"Removal of Resurfacing Device from Right Hip Joint, Open Approach",THA,Open Approach
0SP90EZ,"Removal of Articulating Spacer from Right Hip Joint, Open Approach",THA,Open Approach
0SP90JZ,"Removal of Synthetic Substitute from Right Hip Joint, Open Approach",THA,Open Approach
0SP938Z,"Removal of Spacer from Right Hip Joint, Percutaneous Approach",THA,Percutaneous Approach
0SP93JZ,"Removal of Synthetic Substitute from Right Hip Joint, Percutaneous Approach",THA,Percutaneous Approach
0SP948Z,"Removal of Spacer from Right Hip Joint, Percutaneous Endoscopic Approach",THA,Percutaneous Endoscopic Approach
0SP94JZ,"Removal of Synthetic Substitute from Right Hip Joint, Percutaneous Endoscopic Approach",THA,Percutaneous Endoscopic Approach
0SPA0JZ,"Removal of Synthetic Substitute from Right Hip Joint, Acetabular Surface, Open Approach",THA,Open Approach
0SPA3JZ,"Removal of Synthetic Substitute from Right Hip Joint, Acetabular Surface, Percutaneous Approach",THA,Percutaneous Approach
0SPA4JZ,"Removal of Synthetic Substitute from Right Hip Joint, Acetabular Surface, Percutaneous Endoscopic Approach",THA,Percutaneous Endoscopic Approach
0SPB08Z,"Removal of Spacer from Left Hip Joint, Open Approach",THA,Open Approach
0SPB09Z,"Removal of Liner from Left Hip Joint, Open Approach",THA,Open Approach
0SPB0BZ,"Removal of Resurfacing Device from Left Hip Joint, Open Approach",THA,Open Approach
0SPB0EZ,"Removal of Articulating Spacer from Left Hip Joint, Open Approach",THA,Open Approach
0SPB0JZ,"Removal of Synthetic Substitute from Left Hip Joint, Open Approach",THA,Open Approach
0SPB38Z,"Removal of Spacer from Left Hip Joint, Percutaneous Approach",THA,Percutaneous Approach
0SPB3JZ,"Removal of Synthetic Substitute from Left Hip Joint, Percutaneous Approach",THA,Percutaneous Approach
0SPB48Z,"Removal of Spacer from Left Hip Joint, Percutaneous Endoscopic Approach",THA,Percutaneous Endoscopic Approach
0SPB4JZ,"Removal of Synthetic Substitute from Left Hip Joint, Percutaneous Endoscopic Approach",THA,Percutaneous Endoscopic Approach
0SPE0JZ,"Removal of Synthetic Substitute from Left Hip Joint, Acetabular Surface, Open Approach",THA,Open Approach
0SPE3JZ,"Removal of Synthetic Substitute from Left Hip Joint, Acetabular Surface, Percutaneous Approach",THA,Percutaneous Approach
0SPE4JZ,"Removal of Synthetic Substitute from Left Hip Joint, Acetabular Surface, Percutaneous Endoscopic Approach",THA,Percutaneous Endoscopic Approach
0SPR0JZ,"Removal of Synthetic Substitute from Right Hip Joint, Femoral Surface, Open Approach",THA,Open Approach
0SPR3JZ,"Removal of Synthetic Substitute from Right Hip Joint, Femoral Surface, Percutaneous Approach",THA,Percutaneous Approach
0SPR4JZ,"Removal of Synthetic Substitute from Right Hip Joint, Femoral Surface, Percutaneous Endoscopic Approach",THA,Percutaneous Endoscopic Approach
0SPS0JZ,"Removal of Synthetic Substitute from Left Hip Joint, Femoral Surface, Open Approach",THA,Open Approach
0SPS3JZ,"Removal of Synthetic Substitute from Left Hip Joint, Femoral Surface, Percutaneous Approach",THA,Percutaneous Approach
0SPS4JZ,"Removal of Synthetic Substitute from Left Hip Joint, Femoral Surface, Percutaneous Endoscopic Approach",THA,Percutaneous Endoscopic Approach
0SR9019,"Replacement of Right Hip Joint with Metal Synthetic Substitute, Cemented, Open Approach",THA,Open Approach
0SR901A,"Replacement of Right Hip Joint with Metal Synthetic Substitute, Uncemented, Open Approach",THA,Open Approach
0SR901Z,"Replacement of Right Hip Joint with Metal Synthetic Substitute, Open Approach",THA,Open Approach
0SR9029,"Replacement of Right Hip Joint with Metal on Polyethylene Synthetic Substitute, Cemented, Open Approach",THA,Open Approach
0SR902A,"Replacement of Right Hip Joint with Metal on Polyethylene Synthetic Substitute, Uncemented, Open Approach",THA,Open Approach
0SR902Z,"Replacement of Right Hip Joint with Metal on Polyethylene Synthetic Substitute, Open Approach",THA,Open Approach
0SR9039,"Replacement of Right Hip Joint with Ceramic Synthetic Substitute, Cemented, Open Approach",THA,Open Approach
0SR903A,"Replacement of Right Hip Joint with Ceramic Synthetic Substitute, Uncemented, Open Approach",THA,Open Approach
0SR903Z,"Replacement of Right Hip Joint with Ceramic Synthetic Substitute, Open Approach",THA,Open Approach
0SR9049,"Replacement of Right Hip Joint with Ceramic on Polyethylene Synthetic Substitute, Cemented, Open Approach",THA,Open Approach
0SR904A,"Replacement of Right Hip Joint with Ceramic on Polyethylene Synthetic Substitute, Uncemented, Open Approach",THA,Open Approach
0SR904Z,"Replacement of Right Hip Joint with Ceramic on Polyethylene Synthetic Substitute, Open Approach",THA,Open Approach
0SR9069,"Replacement of Right Hip Joint with Oxidized Zirconium on Polyethylene Synthetic Substitute, Cemented, Open Approach",THA,Open Approach
0SR906A,"Replacement of Right Hip Joint with Oxidized Zirconium on Polyethylene Synthetic Substitute, Uncemented, Open Approach",THA,Open Approach
0SR906Z,"Replacement of Right Hip Joint with Oxidized Zirconium on Polyethylene Synthetic Substitute, Open Approach",THA,Open Approach
0SR907Z,"Replacement of Right Hip Joint with Autologous Tissue Substitute, Open Approach",THA,Open Approach
0SR90EZ,"Replacement of Right Hip Joint with Articulating Spacer, Open Approach",THA,Open Approach
0SR90J9,"Replacement of Right Hip Joint with Synthetic Substitute, Cemented, Open Approach",THA,Open Approach
0SR90JA,"Replacement of Right Hip Joint with Synthetic Substitute, Uncemented, Open Approach",THA,Open Approach
0SR90JZ,"Replacement of Right Hip Joint with Synthetic Substitute, Open Approach",THA,Open Approach
0SR90KZ,"Replacement of Right Hip Joint with Nonautologous Tissue Substitute, Open Approach",THA,Open Approach
0SRA009,"Replacement of Right Hip Joint, Acetabular Surface with Polyethylene Synthetic Substitute, Cemented, Open Approach",THA,Open Approach
0SRA00A,"Replacement of Right Hip Joint, Acetabular Surface with Polyethylene Synthetic Substitute, Uncemented, Open Approach",THA,Open Approach
0SRA00Z,"Replacement of Right Hip Joint, Acetabular Surface with Polyethylene Synthetic Substitute, Open Approach",THA,Open Approach
0SRA019,"Replacement of Right Hip Joint, Acetabular Surface with Metal Synthetic Substitute, Cemented, Open Approach",THA,Open Approach
0SRA01A,"Replacement of Right Hip Joint, Acetabular Surface with Metal Synthetic Substitute, Uncemented, Open Approach",THA,Open Approach
0SRA01Z,"Replacement of Right Hip Joint, Acetabular Surface with Metal Synthetic Substitute, Open Approach",THA,Open Approach
0SRA039,"Replacement of Right Hip Joint, Acetabular Surface with Ceramic Synthetic Substitute, Cemented, Open Approach",THA,Open Approach
0SRA03A,"Replacement of Right Hip Joint, Acetabular Surface with Ceramic Synthetic Substitute, Uncemented, Open Approach",THA,Open Approach
0SRA03Z,"Replacement of Right Hip Joint, Acetabular Surface with Ceramic Synthetic Substitute, Open Approach",THA,Open Approach
0SRA07Z,"Replacement of Right Hip Joint, Acetabular Surface with Autologous Tissue Substitute, Open Approach",THA,Open Approach
0SRA0J9,"Replacement of Right Hip Joint, Acetabular Surface with Synthetic Substitute, Cemented, Open Approach",THA,Open Approach
0SRA0JA,"Replacement of Right Hip Joint, Acetabular Surface with Synthetic Substitute, Uncemented, Open Approach",THA,Open Approach
0SRA0JZ,"Replacement of Right Hip Joint, Acetabular Surface with Synthetic Substitute, Open Approach",THA,Open Approach
0SRA0KZ,"Replacement of Right Hip Joint, Acetabular Surface with Nonautologous Tissue Substitute, Open Approach",THA,Open Approach
0SRB019,"Replacement of Left Hip Joint with Metal Synthetic Substitute, Cemented, Open Approach",THA,Open Approach
0SRB01A,"Replacement of Left Hip Joint with Metal Synthetic Substitute, Uncemented, Open Approach",THA,Open Approach
0SRB01Z,"Replacement of Left Hip Joint with Metal Synthetic Substitute, Open Approach",THA,Open Approach
0SRB029,"Replacement of Left Hip Joint with Metal on Polyethylene Synthetic Substitute, Cemented, Open Approach",THA,Open Approach
0SRB02A,"Replacement of Left Hip Joint with Metal on Polyethylene Synthetic Substitute, Uncemented, Open Approach",THA,Open Approach
0SRB02Z,"Replacement of Left Hip Joint with Metal on Polyethylene Synthetic Substitute, Open Approach",THA,Open Approach
0SRB039,"Replacement of Left Hip Joint with Ceramic Synthetic Substitute, Cemented, Open Approach",THA,Open Approach
0SRB03A,"Replacement of Left Hip Joint with Ceramic Synthetic Substitute, Uncemented, Open Approach",THA,Open Approach
0SRB03Z,"Replacement of Left Hip Joint with Ceramic Synthetic Substitute, Open Approach",THA,Open Approach
0SRB049,"Replacement of Left Hip Joint with Ceramic on Polyethylene Synthetic Substitute, Cemented, Open Approach",THA,Open Approach
0SRB04A,"Replacement of Left Hip Joint with Ceramic on Polyethylene Synthetic Substitute, Uncemented, Open Approach",THA,Open Approach
0SRB04Z,"Replacement of Left Hip Joint with Ceramic on Polyethylene Synthetic Substitute, Open Approach",THA,Open Approach
0SRB069,"Replacement of Left Hip Joint with Oxidized Zirconium on Polyethylene Synthetic Substitute, Cemented, Open Approach",THA,Open Approach
0SRB06A,"Replacement of Left Hip Joint with Oxidized Zirconium on Polyethylene Synthetic Substitute, Uncemented, Open Approach",THA,Open Approach
0SRB06Z,"Replacement of Left Hip Joint with Oxidized Zirconium on Polyethylene Synthetic Substitute, Open Approach",THA,Open Approach
0SRB07Z,"Replacement of Left Hip Joint with Autologous Tissue Substitute, Open Approach",THA,Open Approach
0SRB0EZ,"Replacement of Left Hip Joint with Articulating Spacer, Open Approach",THA,Open Approach
0SRB0J9,"Replacement of Left Hip Joint with Synthetic Substitute, Cemented, Open Approach",THA,Open Approach
0SRB0JA,"Replacement of Left Hip Joint with Synthetic Substitute, Uncemented, Open Approach",THA,Open Approach
0SRB0JZ,"Replacement of Left Hip Joint with Synthetic Substitute, Open Approach",THA,Open Approach
0SRB0KZ,"Replacement of Left Hip Joint with Nonautologous Tissue Substitute, Open Approach",THA,Open Approach
0SRE009,"Replacement of Left Hip Joint, Acetabular Surface with Polyethylene Synthetic Substitute, Cemented, Open Approach",THA,Open Approach
0SRE00A,"Replacement of Left Hip Joint, Acetabular Surface with Polyethylene Synthetic Substitute, Uncemented, Open Approach",THA,Open Approach
0SRE00Z,"Replacement of Left Hip Joint, Acetabular Surface with Polyethylene Synthetic Substitute, Open Approach",THA,Open Approach
0SRE019,"Replacement of Left Hip Joint, Acetabular Surface with Metal Synthetic Substitute, Cemented, Open Approach",THA,Open Approach
0SRE01A,"Replacement of Left Hip Joint, Acetabular Surface with Metal Synthetic Substitute, Uncemented, Open Approach",THA,Open Approach
0SRE01Z,"Replacement of Left Hip Joint, Acetabular Surface with Metal Synthetic Substitute, Open Approach",THA,Open Approach
0SRE039,"Replacement of Left Hip Joint, Acetabular Surface with Ceramic Synthetic Substitute, Cemented, Open Approach",THA,Open Approach
0SRE03A,"Replacement of Left Hip Joint, Acetabular Surface with Ceramic Synthetic Substitute, Uncemented, Open Approach",THA,Open Approach
0SRE03Z,"Replacement of Left Hip Joint, Acetabular Surface with Ceramic Synthetic Substitute, Open Approach",THA,Open Approach
0SRE07Z,"Replacement of Left Hip Joint, Acetabular Surface with Autologous Tissue Substitute, Open Approach",THA,Open Approach
0SRE0J9,"Replacement of Left Hip Joint, Acetabular Surface with Synthetic Substitute, Cemented, Open Approach",THA,Open Approach
0SRE0JA,"Replacement of Left Hip Joint, Acetabular Surface with Synthetic Substitute, Uncemented, Open Approach",THA,Open Approach
0SRE0JZ,"Replacement of Left Hip Joint, Acetabular Surface with Synthetic Substitute, Open Approach",THA,Open Approach
0SRE0KZ,"Replacement of Left Hip Joint, Acetabular Surface with Nonautologous Tissue Substitute, Open Approach",THA,Open Approach
0SRR019,"Replacement of Right Hip Joint, Femoral Surface with Metal Synthetic Substitute, Cemented, Open Approach",THA,Open Approach
0SRR01A,"Replacement of Right Hip Joint, Femoral Surface with Metal Synthetic Substitute, Uncemented, Open Approach",THA,Open Approach
0SRR01Z,"Replacement of Right Hip Joint, Femoral Surface with Metal Synthetic Substitute, Open Approach",THA,Open Approach
0SRR039,"Replacement of Right Hip Joint, Femoral Surface with Ceramic Synthetic Substitute, Cemented, Open Approach",THA,Open Approach
0SRR03A,"Replacement of Right Hip Joint, Femoral Surface with Ceramic Synthetic Substitute, Uncemented, Open Approach",THA,Open Approach
0SRR03Z,"Replacement of Right Hip Joint, Femoral Surface with Ceramic Synthetic Substitute, Open Approach",THA,Open Approach
0SRR07Z,"Replacement of Right Hip Joint, Femoral Surface with Autologous Tissue Substitute, Open Approach",THA,Open Approach
0SRR0J9,"Replacement of Right Hip Joint, Femoral Surface with Synthetic Substitute, Cemented, Open Approach",THA,Open Approach
0SRR0JA,"Replacement of Right Hip Joint, Femoral Surface with Synthetic Substitute, Uncemented, Open Approach",THA,Open Approach
0SRR0JZ,"Replacement of Right Hip Joint, Femoral Surface with Synthetic Substitute, Open Approach",THA,Open Approach
0SRR0KZ,"Replacement of Right Hip Joint, Femoral Surface with Nonautologous Tissue Substitute, Open Approach",THA,Open Approach
0SRS019,"Replacement of Left Hip Joint, Femoral Surface with Metal Synthetic Substitute, Cemented, Open Approach",THA,Open Approach
0SRS01A,"Replacement of Left Hip Joint, Femoral Surface with Metal Synthetic Substitute, Uncemented, Open Approach",THA,Open Approach
0SRS01Z,"Replacement of Left Hip Joint, Femoral Surface with Metal Synthetic Substitute, Open Approach",THA,Open Approach
0SRS039,"Replacement of Left Hip Joint, Femoral Surface with Ceramic Synthetic Substitute, Cemented, Open Approach",THA,Open Approach
0SRS03A,"Replacement of Left Hip Joint, Femoral Surface with Ceramic Synthetic Substitute, Uncemented, Open Approach",THA,Open Approach
0SRS03Z,"Replacement of Left Hip Joint, Femoral Surface with Ceramic Synthetic Substitute, Open Approach",THA,Open Approach
0SRS07Z,"Replacement of Left Hip Joint, Femoral Surface with Autologous Tissue Substitute, Open Approach",THA,Open Approach
0SRS0J9,"Replacement of Left Hip Joint, Femoral Surface with Synthetic Substitute, Cemented, Open Approach",THA,Open Approach
0SRS0JA,"Replacement of Left Hip Joint, Femoral Surface with Synthetic Substitute, Uncemented, Open Approach",THA,Open Approach
0SRS0JZ,"Replacement of Left Hip Joint, Femoral Surface with Synthetic Substitute, Open Approach",THA,Open Approach
0SRS0KZ,"Replacement of Left Hip Joint, Femoral Surface with Nonautologous Tissue Substitute, Open Approach",THA,Open Approach
0SU907Z,"Supplement Right Hip Joint with Autologous Tissue Substitute, Open Approach",THA,Open Approach
0SU909Z,"Supplement Right Hip Joint with Liner, Open Approach",THA,Open Approach
0SU90BZ,"Supplement Right Hip Joint with Resurfacing Device, Open Approach",THA,Open Approach
0SU90JZ,"Supplement Right Hip Joint with Synthetic Substitute, Open Approach",THA,Open Approach
0SU90KZ,"Supplement Right Hip Joint with Nonautologous Tissue Substitute, Open Approach",THA,Open Approach
0SU937Z,"Supplement Right Hip Joint with Autologous Tissue Substitute, Percutaneous Approach",THA,Percutaneous Approach
0SU93JZ,"Supplement Right Hip Joint with Synthetic Substitute, Percutaneous Approach",THA,Percutaneous Approach
0SU93KZ,"Supplement Right Hip Joint with Nonautologous Tissue Substitute, Percutaneous Approach",THA,Percutaneous Approach
0SU947Z,"Supplement Right Hip Joint with Autologous Tissue Substitute, Percutaneous Endoscopic Approach",THA,Percutaneous Endoscopic Approach
0SU94JZ,"Supplement Right Hip Joint with Synthetic Substitute, Percutaneous Endoscopic Approach",THA,Percutaneous Endoscopic Approach
0SU94KZ,"Supplement Right Hip Joint with Nonautologous Tissue Substitute, Percutaneous Endoscopic Approach",THA,Percutaneous Endoscopic Approach
0SUA09Z,"Supplement Right Hip Joint, Acetabular Surface with Liner, Open Approach",THA,Open Approach
0SUA0BZ,"Supplement Right Hip Joint, Acetabular Surface with Resurfacing Device, Open Approach",THA,Open Approach
0SUB07Z,"Supplement Left Hip Joint with Autologous Tissue Substitute, Open Approach",THA,Open Approach
0SUB09Z,"Supplement Left Hip Joint with Liner, Open Approach",THA,Open Approach
0SUB0BZ,"Supplement Left Hip Joint with Resurfacing Device, Open Approach",THA,Open Approach
0SUB0JZ,"Supplement Left Hip Joint with Synthetic Substitute, Open Approach",THA,Open Approach
0SUB0KZ,"Supplement Left Hip Joint with Nonautologous Tissue Substitute, Open Approach",THA,Open Approach
0SUB37Z,"Supplement Left Hip Joint with Autologous Tissue Substitute, Percutaneous Approach",THA,Percutaneous Approach
0SUB3JZ,"Supplement Left Hip Joint with Synthetic Substitute, Percutaneous Approach",THA,Percutaneous Approach
0SUB3KZ,"Supplement Left Hip Joint with Nonautologous Tissue Substitute, Percutaneous Approach",THA,Percutaneous Approach
0SUB47Z,"Supplement Left Hip Joint with Autologous Tissue Substitute, Percutaneous Endoscopic Approach",THA,Percutaneous Endoscopic Approach
0SUB4JZ,"Supplement Left Hip Joint with Synthetic Substitute, Percutaneous Endoscopic Approach",THA,Percutaneous Endoscopic Approach
0SUB4KZ,"Supplement Left Hip Joint with Nonautologous Tissue Substitute, Percutaneous Endoscopic Approach",THA,Percutaneous Endoscopic Approach
0SUE09Z,"Supplement Left Hip Joint, Acetabular Surface with Liner, Open Approach",THA,Open Approach
0SUE0BZ,"Supplement Left Hip Joint, Acetabular Surface with Resurfacing Device, Open Approach",THA,Open Approach
0SUR09Z,"Supplement Right Hip Joint, Femoral Surface with Liner, Open Approach",THA,Open Approach
0SUR0BZ,"Supplement Right Hip Joint, Femoral Surface with Resurfacing Device, Open Approach",THA,Open Approach
0SUS09Z,"Supplement Left Hip Joint, Femoral Surface with Liner, Open Approach",THA,Open Approach
0SUS0BZ,"Supplement Left Hip Joint, Femoral Surface with Resurfacing Device, Open Approach",THA,Open Approach
0SW907Z,"Revision of Autologous Tissue Substitute in Right Hip Joint, Open Approach",THA,Open Approach
0SW908Z,"Revision of Spacer in Right Hip Joint, Open Approach",THA,Open Approach
0SW909Z,"Revision of Liner in Right Hip Joint, Open Approach",THA,Open Approach
0SW90BZ,"Revision of Resurfacing Device in Right Hip Joint, Open Approach",THA,Open Approach
0SW90JZ,"Revision of Synthetic Substitute in Right Hip Joint, Open Approach",THA,Open Approach
0SW90KZ,"Revision of Nonautologous Tissue Substitute in Right Hip Joint, Open Approach",THA,Open Approach
0SW937Z,"Revision of Autologous Tissue Substitute in Right Hip Joint, Percutaneous Approach",THA,Percutaneous Approach
0SW938Z,"Revision of Spacer in Right Hip Joint, Percutaneous Approach",THA,Percutaneous Approach
0SW93JZ,"Revision of Synthetic Substitute in Right Hip Joint, Percutaneous Approach",THA,Percutaneous Approach
0SW93KZ,"Revision of Nonautologous Tissue Substitute in Right Hip Joint, Percutaneous Approach",THA,Percutaneous Approach
0SW947Z,"Revision of Autologous Tissue Substitute in Right Hip Joint, Percutaneous Endoscopic Approach",THA,Percutaneous Endoscopic Approach
0SW948Z,"Revision of Spacer in Right Hip Joint, Percutaneous Endoscopic Approach",THA,Percutaneous Endoscopic Approach
0SW94JZ,"Revision of Synthetic Substitute in Right Hip Joint, Percutaneous Endoscopic Approach",THA,Percutaneous Endoscopic Approach
0SW94KZ,"Revision of Nonautologous Tissue Substitute in Right Hip Joint, Percutaneous Endoscopic Approach",THA,Percutaneous Endoscopic Approach
0SW9X7Z,"Revision of Autologous Tissue Substitute in Right Hip Joint, External Approach",THA,External Approach
0SW9X8Z,"Revision of Spacer in Right Hip Joint, External Approach",THA,External Approach
0SW9XJZ,"Revision of Synthetic Substitute in Right Hip Joint, External Approach",THA,External Approach
0SW9XKZ,"Revision of Nonautologous Tissue Substitute in Right Hip Joint, External Approach",THA,External Approach
0SWA0JZ,"Revision of Synthetic Substitute in Right Hip Joint, Acetabular Surface, Open Approach",THA,Open Approach
0SWA3JZ,"Revision of Synthetic Substitute in Right Hip Joint, Acetabular Surface, Percutaneous Approach",THA,Percutaneous Approach
0SWA4JZ,"Revision of Synthetic Substitute in Right Hip Joint, Acetabular Surface, Percutaneous Endoscopic Approach",THA,Percutaneous Endoscopic Approach
0SWAXJZ,"Revision of Synthetic Substitute in Right Hip Joint, Acetabular Surface, External Approach",THA,External Approach
0SWB07Z,"Revision of Autologous Tissue Substitute in Left Hip Joint, Open Approach",THA,Open Approach
0SWB08Z,"Revision of Spacer in Left Hip Joint, Open Approach",THA,Open Approach
0SWB09Z,"Revision of Liner in Left Hip Joint, Open Approach",THA,Open Approach
0SWB0BZ,"Revision of Resurfacing Device in Left Hip Joint, Open Approach",THA,Open Approach
0SWB0JZ,"Revision of Synthetic Substitute in Left Hip Joint, Open Approach",THA,Open Approach
0SWB0KZ,"Revision of Nonautologous Tissue Substitute in Left Hip Joint, Open Approach",THA,Open Approach
0SWB37Z,"Revision of Autologous Tissue Substitute in Left Hip Joint, Percutaneous Approach",THA,Percutaneous Approach
0SWB38Z,"Revision of Spacer in Left Hip Joint, Percutaneous Approach",THA,Percutaneous Approach
0SWB3JZ,"Revision of Synthetic Substitute in Left Hip Joint, Percutaneous Approach",THA,Percutaneous Approach
0SWB3KZ,"Revision of Nonautologous Tissue Substitute in Left Hip Joint, Percutaneous Approach",THA,Percutaneous Approach
0SWB47Z,"Revision of Autologous Tissue Substitute in Left Hip Joint, Percutaneous Endoscopic Approach",THA,Percutaneous Endoscopic Approach
0SWB48Z,"Revision of Spacer in Left Hip Joint, Percutaneous Endoscopic Approach",THA,Percutaneous Endoscopic Approach
0SWB4JZ,"Revision of Synthetic Substitute in Left Hip Joint, Percutaneous Endoscopic Approach",THA,Percutaneous Endoscopic Approach
0SWB4KZ,"Revision of Nonautologous Tissue Substitute in Left Hip Joint, Percutaneous Endoscopic Approach",THA,Percutaneous Endoscopic Approach
0SWBX7Z,"Revision of Autologous Tissue Substitute in Left Hip Joint, External Approach",THA,External Approach
0SWBX8Z,"Revision of Spacer in Left Hip Joint, External Approach",THA,External Approach
0SWBXJZ,"Revision of Synthetic Substitute in Left Hip Joint, External Approach",THA,External Approach
0SWBXKZ,"Revision of Nonautologous Tissue Substitute in Left Hip Joint, External Approach",THA,External Approach
0SWE0JZ,"Revision of Synthetic Substitute in Left Hip Joint, Acetabular Surface, Open Approach",THA,Open Approach
0SWE3JZ,"Revision of Synthetic Substitute in Left Hip Joint, Acetabular Surface, Percutaneous Approach",THA,Percutaneous Approach
0SWE4JZ,"Revision of Synthetic Substitute in Left Hip Joint, Acetabular Surface, Percutaneous Endoscopic Approach",THA,Percutaneous Endoscopic Approach
0SWEXJZ,"Revision of Synthetic Substitute in Left Hip Joint, Acetabular Surface, External Approach",THA,External Approach
0SWR0JZ,"Revision of Synthetic Substitute in Right Hip Joint, Femoral Surface, Open Approach",THA,Open Approach
0SWR3JZ,"Revision of Synthetic Substitute in Right Hip Joint, Femoral Surface, Percutaneous Approach",THA,Percutaneous Approach
0SWR4JZ,"Revision of Synthetic Substitute in Right Hip Joint, Femoral Surface, Percutaneous Endoscopic Approach",THA,Percutaneous Endoscopic Approach
0SWRXJZ,"Revision of Synthetic Substitute in Right Hip Joint, Femoral Surface, External Approach",THA,External Approach
0SWS0JZ,"Revision of Synthetic Substitute in Left Hip Joint, Femoral Surface, Open Approach",THA,Open Approach
0SWS3JZ,"Revision of Synthetic Substitute in Left Hip Joint, Femoral Surface, Percutaneous Approach",THA,Percutaneous Approach
0SWS4JZ,"Revision of Synthetic Substitute in Left Hip Joint, Femoral Surface, Percutaneous Endoscopic Approach",THA,Percutaneous Endoscopic Approach
0SWSXJZ,"Revision of Synthetic Substitute in Left Hip Joint, Femoral Surface, External Approach",THA,External Approach
0SHC08Z,"Insertion of Spacer into Right Knee Joint, Open Approach",TKA,Open Approach
0SHC38Z,"Insertion of Spacer into Right Knee Joint, Percutaneous Approach",TKA,Percutaneous Approach
0SHC48Z,"Insertion of Spacer into Right Knee Joint, Percutaneous Endoscopic Approach",TKA,Percutaneous Endoscopic Approach
0SHD08Z,"Insertion of Spacer into Left Knee Joint, Open Approach",TKA,Open Approach
0SHD38Z,"Insertion of Spacer into Left Knee Joint, Percutaneous Approach",TKA,Percutaneous Approach
0SHD48Z,"Insertion of Spacer into Left Knee Joint, Percutaneous Endoscopic Approach",TKA,Percutaneous Endoscopic Approach
0SPC08Z,"Removal of Spacer from Right Knee Joint, Open Approach",TKA,Open Approach
0SPC09Z,"Removal of Liner from Right Knee Joint, Open Approach",TKA,Open Approach
0SPC0EZ,"Removal of Articulating Spacer from Right Knee Joint, Open Approach",TKA,Open Approach
0SPC0JC,"Removal of Synthetic Substitute from Right Knee Joint, Patellar Surface, Open Approach",TKA,Open Approach
0SPC0JZ,"Removal of Synthetic Substitute from Right Knee Joint, Open Approach",TKA,Open Approach
0SPC0LZ,"Removal of Medial Unicondylar Synthetic Substitute from Right Knee Joint, Open Approach",TKA,Open Approach
0SPC0MZ,"Removal of Lateral Unicondylar Synthetic Substitute from Right Knee Joint, Open Approach",TKA,Open Approach
0SPC0NZ,"Removal of Patellofemoral Synthetic Substitute from Right Knee Joint, Open Approach",TKA,Open Approach
0SPC38Z,"Removal of Spacer from Right Knee Joint, Percutaneous Approach",TKA,Percutaneous Approach
0SPC3JC,"Removal of Synthetic Substitute from Right Knee Joint, Patellar Surface, Percutaneous Approach",TKA,Percutaneous Approach
0SPC3JZ,"Removal of Synthetic Substitute from Right Knee Joint, Percutaneous Approach",TKA,Percutaneous Approach
0SPC3LZ,"Removal of Medial Unicondylar Synthetic Substitute from Right Knee Joint, Percutaneous Approach",TKA,Percutaneous Approach
0SPC3MZ,"Removal of Lateral Unicondylar Synthetic Substitute from Right Knee Joint, Percutaneous Approach",TKA,Percutaneous Approach
0SPC3NZ,"Removal of Patellofemoral Synthetic Substitute from Right Knee Joint, Percutaneous Approach",TKA,Percutaneous Approach
0SPC48Z,"Removal of Spacer from Right Knee Joint, Percutaneous Endoscopic Approach",TKA,Percutaneous Endoscopic Approach
0SPC4JC,"Removal of Synthetic Substitute from Right Knee Joint, Patellar Surface, Percutaneous Endoscopic Approach",TKA,Percutaneous Endoscopic Approach
0SPC4JZ,"Removal of Synthetic Substitute from Right Knee Joint, Percutaneous Endoscopic Approach",TKA,Percutaneous Endoscopic Approach
0SPC4LZ,"Removal of Medial Unicondylar Synthetic Substitute from Right Knee Joint, Percutaneous Endoscopic Approach",TKA,Percutaneous Endoscopic Approach
0SPC4MZ,"Removal of Lateral Unicondylar Synthetic Substitute from Right Knee Joint, Percutaneous Endoscopic Approach",TKA,Percutaneous Endoscopic Approach
0SPC4NZ,"Removal of Patellofemoral Synthetic Substitute from Right Knee Joint, Percutaneous Endoscopic Approach",TKA,Percutaneous Endoscopic Approach
0SPD08Z,"Removal of Spacer from Left Knee Joint, Open Approach",TKA,Open Approach
0SPD09Z,"Removal of Liner from Left Knee Joint, Open Approach",TKA,Open Approach
0SPD0EZ,"Removal of Articulating Spacer from Left Knee Joint, Open Approach",TKA,Open Approach
0SPD0JC,"Removal of Synthetic Substitute from Left Knee Joint, Patellar Surface, Open Approach",TKA,Open Approach
0SPD0JZ,"Removal of Synthetic Substitute from Left Knee Joint, Open Approach",TKA,Open Approach
0SPD0LZ,"Removal of Medial Unicondylar Synthetic Substitute from Left Knee Joint, Open Approach",TKA,Open Approach
0SPD0MZ,"Removal of Lateral Unicondylar Synthetic Substitute from Left Knee Joint, Open Approach",TKA,Open Approach
0SPD0NZ,"Removal of Patellofemoral Synthetic Substitute from Left Knee Joint, Open Approach",TKA,Open Approach
0SPD38Z,"Removal of Spacer from Left Knee Joint, Percutaneous Approach",TKA,Percutaneous Approach
0SPD3JC,"Removal of Synthetic Substitute from Left Knee Joint, Patellar Surface, Percutaneous Approach",TKA,Percutaneous Approach
0SPD3JZ,"Removal of Synthetic Substitute from Left Knee Joint, Percutaneous Approach",TKA,Percutaneous Approach
0SPD3LZ,"Removal of Medial Unicondylar Synthetic Substitute from Left Knee Joint, Percutaneous Approach",TKA,Percutaneous Approach
0SPD3MZ,"Removal of Lateral Unicondylar Synthetic Substitute from Left Knee Joint, Percutaneous Approach",TKA,Percutaneous Approach
0SPD3NZ,"Removal of Patellofemoral Synthetic Substitute from Left Knee Joint, Percutaneous Approach",TKA,Percutaneous Approach
0SPD48Z,"Removal of Spacer from Left Knee Joint, Percutaneous Endoscopic Approach",TKA,Percutaneous Endoscopic Approach
0SPD4JC,"Removal of Synthetic Substitute from Left Knee Joint, Patellar Surface, Percutaneous Endoscopic Approach",TKA,Percutaneous Endoscopic Approach
0SPD4JZ,"Removal of Synthetic Substitute from Left Knee Joint, Percutaneous Endoscopic Approach",TKA,Percutaneous Endoscopic Approach
0SPD4LZ,"Removal of Medial Unicondylar Synthetic Substitute from Left Knee Joint, Percutaneous Endoscopic Approach",TKA,Percutaneous Endoscopic Approach
0SPD4MZ,"Removal of Lateral Unicondylar Synthetic Substitute from Left Knee Joint, Percutaneous Endoscopic Approach",TKA,Percutaneous Endoscopic Approach
0SPD4NZ,"Removal of Patellofemoral Synthetic Substitute from Left Knee Joint, Percutaneous Endoscopic Approach",TKA,Percutaneous Endoscopic Approach
0SPT0JZ,"Removal of Synthetic Substitute from Right Knee Joint, Femoral Surface, Open Approach",TKA,Open Approach
0SPT3JZ,"Removal of Synthetic Substitute from Right Knee Joint, Femoral Surface, Percutaneous Approach",TKA,Percutaneous Approach
0SPT4JZ,"Removal of Synthetic Substitute from Right Knee Joint, Femoral Surface, Percutaneous Endoscopic Approach",TKA,Percutaneous Endoscopic Approach
0SPU0JZ,"Removal of Synthetic Substitute from Left Knee Joint, Femoral Surface, Open Approach",TKA,Open Approach
0SPU3JZ,"Removal of Synthetic Substitute from Left Knee Joint, Femoral Surface, Percutaneous Approach",TKA,Percutaneous Approach
0SPU4JZ,"Removal of Synthetic Substitute from Left Knee Joint, Femoral Surface, Percutaneous Endoscopic Approach",TKA,Percutaneous Endoscopic Approach
0SPV0JZ,"Removal of Synthetic Substitute from Right Knee Joint, Tibial Surface, Open Approach",TKA,Open Approach
0SPV3JZ,"Removal of Synthetic Substitute from Right Knee Joint, Tibial Surface, Percutaneous Approach",TKA,Percutaneous Approach
0SPV4JZ,"Removal of Synthetic Substitute from Right Knee Joint, Tibial Surface, Percutaneous Endoscopic Approach",TKA,Percutaneous Endoscopic Approach
0SPW0JZ,"Removal of Synthetic Substitute from Left Knee Joint, Tibial Surface, Open Approach",TKA,Open Approach
0SPW3JZ,"Removal of Synthetic Substitute from Left Knee Joint, Tibial Surface, Percutaneous Approach",TKA,Percutaneous Approach
0SPW4JZ,"Removal of Synthetic Substitute from Left Knee Joint, Tibial Surface, Percutaneous Endoscopic Approach",TKA,Percutaneous Endoscopic Approach
0SRC069,"Replacement of Right Knee Joint with Oxidized Zirconium on Polyethylene Synthetic Substitute, Cemented, Open Approach",TKA,Open Approach
0SRC06A,"Replacement of Right Knee Joint with Oxidized Zirconium on Polyethylene Synthetic Substitute, Uncemented, Open Approach",TKA,Open Approach
0SRC06Z,"Replacement of Right Knee Joint with Oxidized Zirconium on Polyethylene Synthetic Substitute, Open Approach",TKA,Open Approach
0SRC07Z,"Replacement of Right Knee Joint with Autologous Tissue Substitute, Open Approach",TKA,Open Approach
0SRC0EZ,"Replacement of Right Knee Joint with Articulating Spacer, Open Approach",TKA,Open Approach
0SRC0J9,"Replacement of Right Knee Joint with Synthetic Substitute, Cemented, Open Approach",TKA,Open Approach
0SRC0JA,"Replacement of Right Knee Joint with Synthetic Substitute, Uncemented, Open Approach",TKA,Open Approach
0SRC0JZ,"Replacement of Right Knee Joint with Synthetic Substitute, Open Approach",TKA,Open Approach
0SRC0KZ,"Replacement of Right Knee Joint with Nonautologous Tissue Substitute, Open Approach",TKA,Open Approach
0SRC0L9,"Replacement of Right Knee Joint with Medial Unicondylar Synthetic Substitute, Cemented, Open Approach",TKA,Open Approach
0SRC0LA,"Replacement of Right Knee Joint with Medial Unicondylar Synthetic Substitute, Uncemented, Open Approach",TKA,Open Approach
0SRC0LZ,"Replacement of Right Knee Joint with Medial Unicondylar Synthetic Substitute, Open Approach",TKA,Open Approach
0SRC0M9,"Replacement of Right Knee Joint with Lateral Unicondylar Synthetic Substitute, Cemented, Open Approach",TKA,Open Approach
0SRC0MA,"Replacement of Right Knee Joint with Lateral Unicondylar Synthetic Substitute, Uncemented, Open Approach",TKA,Open Approach
0SRC0MZ,"Replacement of Right Knee Joint with Lateral Unicondylar Synthetic Substitute, Open Approach",TKA,Open Approach
0SRC0N9,"Replacement of Right Knee Joint with Patellofemoral Synthetic Substitute, Cemented, Open Approach",TKA,Open Approach
0SRC0NA,"Replacement of Right Knee Joint with Patellofemoral Synthetic Substitute, Uncemented, Open Approach",TKA,Open Approach
0SRC0NZ,"Replacement of Right Knee Joint with Patellofemoral Synthetic Substitute, Open Approach",TKA,Open Approach
0SRD069,"Replacement of Left Knee Joint with Oxidized Zirconium on Polyethylene Synthetic Substitute, Cemented, Open Approach",TKA,Open Approach
0SRD06A,"Replacement of Left Knee Joint with Oxidized Zirconium on Polyethylene Synthetic Substitute, Uncemented, Open Approach",TKA,Open Approach
0SRD06Z,"Replacement of Left Knee Joint with Oxidized Zirconium on Polyethylene Synthetic Substitute, Open Approach",TKA,Open Approach
0SRD07Z,"Replacement of Left Knee Joint with Autologous Tissue Substitute, Open Approach",TKA,Open Approach
0SRD0EZ,"Replacement of Left Knee Joint with Articulating Spacer, Open Approach",TKA,Open Approach
0SRD0J9,"Replacement of Left Knee Joint with Synthetic Substitute, Cemented, Open Approach",TKA,Open Approach
0SRD0JA,"Replacement of Left Knee Joint with Synthetic Substitute, Uncemented, Open Approach",TKA,Open Approach
0SRD0JZ,"Replacement of Left Knee Joint with Synthetic Substitute, Open Approach",TKA,Open Approach
0SRD0KZ,"Replacement of Left Knee Joint with Nonautologous Tissue Substitute, Open Approach",TKA,Open Approach
0SRD0L9,"Replacement of Left Knee Joint with Medial Unicondylar Synthetic Substitute, Cemented, Open Approach",TKA,Open Approach
0SRD0LA,"Replacement of Left Knee Joint with Medial Unicondylar Synthetic Substitute, Uncemented, Open Approach",TKA,Open Approach
0SRD0LZ,"Replacement of Left Knee Joint with Medial Unicondylar Synthetic Substitute, Open Approach",TKA,Open Approach
0SRD0M9,"Replacement of Left Knee Joint with Lateral Unicondylar Synthetic Substitute, Cemented, Open Approach",TKA,Open Approach
0SRD0MA,"Replacement of Left Knee Joint with Lateral Unicondylar Synthetic Substitute, Uncemented, Open Approach",TKA,Open Approach
0SRD0MZ,"Replacement of Left Knee Joint with Lateral Unicondylar Synthetic Substitute, Open Approach",TKA,Open Approach
0SRD0N9,"Replacement of Left Knee Joint with Patellofemoral Synthetic Substitute, Cemented, Open Approach",TKA,Open Approach
0SRD0NA,"Replacement of Left Knee Joint with Patellofemoral Synthetic Substitute, Uncemented, Open Approach",TKA,Open Approach
0SRD0NZ,"Replacement of Left Knee Joint with Patellofemoral Synthetic Substitute, Open Approach",TKA,Open Approach
0SRT07Z,"Replacement of Right Knee Joint, Femoral Surface with Autologous Tissue Substitute, Open Approach",TKA,Open Approach
0SRT0J9,"Replacement of Right Knee Joint, Femoral Surface with Synthetic Substitute, Cemented, Open Approach",TKA,Open Approach
0SRT0JA,"Replacement of Right Knee Joint, Femoral Surface with Synthetic Substitute, Uncemented, Open Approach",TKA,Open Approach
0SRT0JZ,"Replacement of Right Knee Joint, Femoral Surface with Synthetic Substitute, Open Approach",TKA,Open Approach
0SRT0KZ,"Replacement of Right Knee Joint, Femoral Surface with Nonautologous Tissue Substitute, Open Approach",TKA,Open Approach
0SRU07Z,"Replacement of Left Knee Joint, Femoral Surface with Autologous Tissue Substitute, Open Approach",TKA,Open Approach
0SRU0J9,"Replacement of Left Knee Joint, Femoral Surface with Synthetic Substitute, Cemented, Open Approach",TKA,Open Approach
0SRU0JA,"Replacement of Left Knee Joint, Femoral Surface with Synthetic Substitute, Uncemented, Open Approach",TKA,Open Approach
0SRU0JZ,"Replacement of Left Knee Joint, Femoral Surface with Synthetic Substitute, Open Approach",TKA,Open Approach
0SRU0KZ,"Replacement of Left Knee Joint, Femoral Surface with Nonautologous Tissue Substitute, Open Approach",TKA,Open Approach
0SRV07Z,"Replacement of Right Knee Joint, Tibial Surface with Autologous Tissue Substitute, Open Approach",TKA,Open Approach
0SRV0J9,"Replacement of Right Knee Joint, Tibial Surface with Synthetic Substitute, Cemented, Open Approach",TKA,Open Approach
0SRV0JA,"Replacement of Right Knee Joint, Tibial Surface with Synthetic Substitute, Uncemented, Open Approach",TKA,Open Approach
0SRV0JZ,"Replacement of Right Knee Joint, Tibial Surface with Synthetic Substitute, Open Approach",TKA,Open Approach
0SRV0KZ,"Replacement of Right Knee Joint, Tibial Surface with Nonautologous Tissue Substitute, Open Approach",TKA,Open Approach
0SRW07Z,"Replacement of Left Knee Joint, Tibial Surface with Autologous Tissue Substitute, Open Approach",TKA,Open Approach
0SRW0J9,"Replacement of Left Knee Joint, Tibial Surface with Synthetic Substitute, Cemented, Open Approach",TKA,Open Approach
0SRW0JA,"Replacement of Left Knee Joint, Tibial Surface with Synthetic Substitute, Uncemented, Open Approach",TKA,Open Approach
0SRW0JZ,"Replacement of Left Knee Joint, Tibial Surface with Synthetic Substitute, Open Approach",TKA,Open Approach
0SRW0KZ,"Replacement of Left Knee Joint, Tibial Surface with Nonautologous Tissue Substitute, Open Approach",TKA,Open Approach
0SUC07Z,"Supplement Right Knee Joint with Autologous Tissue Substitute, Open Approach",TKA,Open Approach
0SUC09C,"Supplement Right Knee Joint with Liner, Patellar Surface, Open Approach",TKA,Open Approach
0SUC09Z,"Supplement Right Knee Joint with Liner, Open Approach",TKA,Open Approach
0SUC0JZ,"Supplement Right Knee Joint with Synthetic Substitute, Open Approach",TKA,Open Approach
0SUC0KZ,"Supplement Right Knee Joint with Nonautologous Tissue Substitute, Open Approach",TKA,Open Approach
0SUC37Z,"Supplement Right Knee Joint with Autologous Tissue Substitute, Percutaneous Approach",TKA,Percutaneous Approach
0SUC3JZ,"Supplement Right Knee Joint with Synthetic Substitute, Percutaneous Approach",TKA,Percutaneous Approach
0SUC3KZ,"Supplement Right Knee Joint with Nonautologous Tissue Substitute, Percutaneous Approach",TKA,Percutaneous Approach
0SUC47Z,"Supplement Right Knee Joint with Autologous Tissue Substitute, Percutaneous Endoscopic Approach",TKA,Percutaneous Endoscopic Approach
0SUC4JZ,"Supplement Right Knee Joint with Synthetic Substitute, Percutaneous Endoscopic Approach",TKA,Percutaneous Endoscopic Approach
0SUC4KZ,"Supplement Right Knee Joint with Nonautologous Tissue Substitute, Percutaneous Endoscopic Approach",TKA,Percutaneous Endoscopic Approach
0SUD07Z,"Supplement Left Knee Joint with Autologous Tissue Substitute, Open Approach",TKA,Open Approach
0SUD09C,"Supplement Left Knee Joint with Liner, Patellar Surface, Open Approach",TKA,Open Approach
0SUD09Z,"Supplement Left Knee Joint with Liner, Open Approach",TKA,Open Approach
0SUD0JZ,"Supplement Left Knee Joint with Synthetic Substitute, Open Approach",TKA,Open Approach
0SUD0KZ,"Supplement Left Knee Joint with Nonautologous Tissue Substitute, Open Approach",TKA,Open Approach
0SUD37Z,"Supplement Left Knee Joint with Autologous Tissue Substitute, Percutaneous Approach",TKA,Percutaneous Approach
0SUD3JZ,"Supplement Left Knee Joint with Synthetic Substitute, Percutaneous Approach",TKA,Percutaneous Approach
0SUD3KZ,"Supplement Left Knee Joint with Nonautologous Tissue Substitute, Percutaneous Approach",TKA,Percutaneous Approach
0SUD47Z,"Supplement Left Knee Joint with Autologous Tissue Substitute, Percutaneous Endoscopic Approach",TKA,Percutaneous Endoscopic Approach
0SUD4JZ,"Supplement Left Knee Joint with Synthetic Substitute, Percutaneous Endoscopic Approach",TKA,Percutaneous Endoscopic Approach
0SUD4KZ,"Supplement Left Knee Joint with Nonautologous Tissue Substitute, Percutaneous Endoscopic Approach",TKA,Percutaneous Endoscopic Approach
0SUT09Z,"Supplement Right Knee Joint, Femoral Surface with Liner, Open Approach",TKA,Open Approach
0SUU09Z,"Supplement Left Knee Joint, Femoral Surface with Liner, Open Approach",TKA,Open Approach
0SUV09Z,"Supplement Right Knee Joint, Tibial Surface with Liner, Open Approach",TKA,Open Approach
0SUW09Z,"Supplement Left Knee Joint, Tibial Surface with Liner, Open Approach",TKA,Open Approach
0SWC07Z,"Revision of Autologous Tissue Substitute in Right Knee Joint, Open Approach",TKA,Open Approach
0SWC08Z,"Revision of Spacer in Right Knee Joint, Open Approach",TKA,Open Approach
0SWC09Z,"Revision of Liner in Right Knee Joint, Open Approach",TKA,Open Approach
0SWC0JC,"Revision of Synthetic Substitute in Right Knee Joint, Patellar Surface, Open Approach",TKA,Open Approach
0SWC0JZ,"Revision of Synthetic Substitute in Right Knee Joint, Open Approach",TKA,Open Approach
0SWC0KZ,"Revision of Nonautologous Tissue Substitute in Right Knee Joint, Open Approach",TKA,Open Approach
0SWC37Z,"Revision of Autologous Tissue Substitute in Right Knee Joint, Percutaneous Approach",TKA,Percutaneous Approach
0SWC38Z,"Revision of Spacer in Right Knee Joint, Percutaneous Approach",TKA,Percutaneous Approach
0SWC3JC,"Revision of Synthetic Substitute in Right Knee Joint, Patellar Surface, Percutaneous Approach",TKA,Percutaneous Approach
0SWC3JZ,"Revision of Synthetic Substitute in Right Knee Joint, Percutaneous Approach",TKA,Percutaneous Approach
0SWC3KZ,"Revision of Nonautologous Tissue Substitute in Right Knee Joint, Percutaneous Approach",TKA,Percutaneous Approach
0SWC47Z,"Revision of Autologous Tissue Substitute in Right Knee Joint, Percutaneous Endoscopic Approach",TKA,Percutaneous Endoscopic Approach
0SWC48Z,"Revision of Spacer in Right Knee Joint, Percutaneous Endoscopic Approach",TKA,Percutaneous Endoscopic Approach
0SWC4JC,"Revision of Synthetic Substitute in Right Knee Joint, Patellar Surface, Percutaneous Endoscopic Approach",TKA,Percutaneous Endoscopic Approach
0SWC4JZ,"Revision of Synthetic Substitute in Right Knee Joint, Percutaneous Endoscopic Approach",TKA,Percutaneous Endoscopic Approach
0SWC4KZ,"Revision of Nonautologous Tissue Substitute in Right Knee Joint, Percutaneous Endoscopic Approach",TKA,Percutaneous Endoscopic Approach
0SWCX7Z,"Revision of Autologous Tissue Substitute in Right Knee Joint, External Approach",TKA,External Approach
0SWCX8Z,"Revision of Spacer in Right Knee Joint, External Approach",TKA,External Approach
0SWCXJC,"Revision of Synthetic Substitute in Right Knee Joint, Patellar Surface, External Approach",TKA,External Approach
0SWCXJZ,"Revision of Synthetic Substitute in Right Knee Joint, External Approach",TKA,External Approach
0SWCXKZ,"Revision of Nonautologous Tissue Substitute in Right Knee Joint, External Approach",TKA,External Approach
0SWD07Z,"Revision of Autologous Tissue Substitute in Left Knee Joint, Open Approach",TKA,Open Approach
0SWD08Z,"Revision of Spacer in Left Knee Joint, Open Approach",TKA,Open Approach
0SWD09Z,"Revision of Liner in Left Knee Joint, Open Approach",TKA,Open Approach
0SWD0JC,"Revision of Synthetic Substitute in Left Knee Joint, Patellar Surface, Open Approach",TKA,Open Approach
0SWD0JZ,"Revision of Synthetic Substitute in Left Knee Joint, Open Approach",TKA,Open Approach
0SWD0KZ,"Revision of Nonautologous Tissue Substitute in Left Knee Joint, Open Approach",TKA,Open Approach
0SWD37Z,"Revision of Autologous Tissue Substitute in Left Knee Joint, Percutaneous Approach",TKA,Percutaneous Approach
0SWD38Z,"Revision of Spacer in Left Knee Joint, Percutaneous Approach",TKA,Percutaneous Approach
0SWD3JC,"Revision of Synthetic Substitute in Left Knee Joint, Patellar Surface, Percutaneous Approach",TKA,Percutaneous Approach
0SWD3JZ,"Revision of Synthetic Substitute in Left Knee Joint, Percutaneous Approach",TKA,Percutaneous Approach
0SWD3KZ,"Revision of Nonautologous Tissue Substitute in Left Knee Joint, Percutaneous Approach",TKA,Percutaneous Approach
0SWD47Z,"Revision of Autologous Tissue Substitute in Left Knee Joint, Percutaneous Endoscopic Approach",TKA,Percutaneous Endoscopic Approach
0SWD48Z,"Revision of Spacer in Left Knee Joint, Percutaneous Endoscopic Approach",TKA,Percutaneous Endoscopic Approach
0SWD4JC,"Revision of Synthetic Substitute in Left Knee Joint, Patellar Surface, Percutaneous Endoscopic Approach",TKA,Percutaneous Endoscopic Approach
0SWD4JZ,"Revision of Synthetic Substitute in Left Knee Joint, Percutaneous Endoscopic Approach",TKA,Percutaneous Endoscopic Approach
0SWD4KZ,"Revision of Nonautologous Tissue Substitute in Left Knee Joint, Percutaneous Endoscopic Approach",TKA,Percutaneous Endoscopic Approach
0SWDX7Z,"Revision of Autologous Tissue Substitute in Left Knee Joint, External Approach",TKA,External Approach
0SWDX8Z,"Revision of Spacer in Left Knee Joint, External Approach",TKA,External Approach
0SWDXJC,"Revision of Synthetic Substitute in Left Knee Joint, Patellar Surface, External Approach",TKA,External Approach
0SWDXJZ,"Revision of Synthetic Substitute in Left Knee Joint, External Approach",TKA,External Approach
0SWDXKZ,"Revision of Nonautologous Tissue Substitute in Left Knee Joint, External Approach",TKA,External Approach
0SWT0JZ,"Revision of Synthetic Substitute in Right Knee Joint, Femoral Surface, Open Approach",TKA,Open Approach
0SWT3JZ,"Revision of Synthetic Substitute in Right Knee Joint, Femoral Surface, Percutaneous Approach",TKA,Percutaneous Approach
0SWT4JZ,"Revision of Synthetic Substitute in Right Knee Joint, Femoral Surface, Percutaneous Endoscopic Approach",TKA,Percutaneous Endoscopic Approach
0SWTXJZ,"Revision of Synthetic Substitute in Right Knee Joint, Femoral Surface, External Approach",TKA,External Approach
0SWU0JZ,"Revision of Synthetic Substitute in Left Knee Joint, Femoral Surface, Open Approach",TKA,Open Approach
0SWU3JZ,"Revision of Synthetic Substitute in Left Knee Joint, Femoral Surface, Percutaneous Approach",TKA,Percutaneous Approach
0SWU4JZ,"Revision of Synthetic Substitute in Left Knee Joint, Femoral Surface, Percutaneous Endoscopic Approach",TKA,Percutaneous Endoscopic Approach
0SWUXJZ,"Revision of Synthetic Substitute in Left Knee Joint, Femoral Surface, External Approach",TKA,External Approach
0SWV0JZ,"Revision of Synthetic Substitute in Right Knee Joint, Tibial Surface, Open Approach",TKA,Open Approach
0SWV3JZ,"Revision of Synthetic Substitute in Right Knee Joint, Tibial Surface, Percutaneous Approach",TKA,Percutaneous Approach
0SWV4JZ,"Revision of Synthetic Substitute in Right Knee Joint, Tibial Surface, Percutaneous Endoscopic Approach",TKA,Percutaneous Endoscopic Approach
0SWVXJZ,"Revision of Synthetic Substitute in Right Knee Joint, Tibial Surface, External Approach",TKA,External Approach
0SWW0JZ,"Revision of Synthetic Substitute in Left Knee Joint, Tibial Surface, Open Approach",TKA,Open Approach
0SWW3JZ,"Revision of Synthetic Substitute in Left Knee Joint, Tibial Surface, Percutaneous Approach",TKA,Percutaneous Approach
0SWW4JZ,"Revision of Synthetic Substitute in Left Knee Joint, Tibial Surface, Percutaneous Endoscopic Approach",TKA,Percutaneous Endoscopic Approach
0SWWXJZ,"Revision of Synthetic Substitute in Left Knee Joint, Tibial Surface, External Approach",TKA,External Approach
XR2G021,"Monitoring of Right Knee Joint using Intraoperative Knee Replacement Sensor, Open Approach, New Technology Group 1",TKA,Open Approach
XR2H021,"Monitoring of Left Knee Joint using Intraoperative Knee Replacement Sensor, Open Approach, New Technology Group 1",TKA,Open Approach
XRRG0L8,"Replacement of Right Knee Joint with Synthetic Substitute, Lateral Meniscus, Open Approach, New Technology Group 8",TKA,Open Approach
XRRG0M8,"Replacement of Right Knee Joint with Synthetic Substitute, Medial Meniscus, Open Approach, New Technology Group 8",TKA,Open Approach
XRRH0L8,"Replacement of Left Knee Joint with Synthetic Substitute, Lateral Meniscus, Open Approach, New Technology Group 8",TKA,Open Approach
XRRH0M8,"Replacement of Left Knee Joint with Synthetic Substitute, Medial Meniscus, Open Approach, New Technology Group 8",TKA,Open Approach
0D9J00Z,"Drainage of Appendix with Drainage Device, Open Approach",appendectomy,Open Approach
0D9J0ZX,"Drainage of Appendix, Open Approach, Diagnostic",appendectomy,Open Approach
0D9J0ZZ,"Drainage of Appendix, Open Approach",appendectomy,Open Approach
0D9J30Z,"Drainage of Appendix with Drainage Device, Percutaneous Approach",appendectomy,Percutaneous Approach
0D9J3ZX,"Drainage of Appendix, Percutaneous Approach, Diagnostic",appendectomy,Percutaneous Approach
0D9J3ZZ,"Drainage of Appendix, Percutaneous Approach",appendectomy,Percutaneous Approach
0D9J40Z,"Drainage of Appendix with Drainage Device, Percutaneous Endoscopic Approach",appendectomy,Percutaneous Endoscopic Approach
0D9J4ZX,"Drainage of Appendix, Percutaneous Endoscopic Approach, Diagnostic",appendectomy,Percutaneous Endoscopic Approach
0D9J4ZZ,"Drainage of Appendix, Percutaneous Endoscopic Approach",appendectomy,Percutaneous Endoscopic Approach
0D9J70Z,"Drainage of Appendix with Drainage Device, Via Natural or Artificial Opening",appendectomy,Via Natural or Artificial Opening
0D9J7ZX,"Drainage of Appendix, Via Natural or Artificial Opening, Diagnostic",appendectomy,NA
0D9J7ZZ,"Drainage of Appendix, Via Natural or Artificial Opening",appendectomy,Via Natural or Artificial Opening
0D9J80Z,"Drainage of Appendix with Drainage Device, Via Natural or Artificial Opening Endoscopic",appendectomy,Natural or Artificial Opening Endoscopic
0D9J8ZX,"Drainage of Appendix, Via Natural or Artificial Opening Endoscopic, Diagnostic",appendectomy,Natural or Artificial Opening Endoscopic
0D9J8ZZ,"Drainage of Appendix, Via Natural or Artificial Opening Endoscopic",appendectomy,Natural or Artificial Opening Endoscopic
0DBJ0ZX,"Excision of Appendix, Open Approach, Diagnostic",appendectomy,Open Approach
0DBJ0ZZ,"Excision of Appendix, Open Approach",appendectomy,Open Approach
0DBJ3ZX,"Excision of Appendix, Percutaneous Approach, Diagnostic",appendectomy,Percutaneous Approach
0DBJ3ZZ,"Excision of Appendix, Percutaneous Approach",appendectomy,Percutaneous Approach
0DBJ4ZG,"Excision of Appendix, Percutaneous Endoscopic Approach, Hand-Assisted",appendectomy,Percutaneous Endoscopic Approach
0DBJ4ZX,"Excision of Appendix, Percutaneous Endoscopic Approach, Diagnostic",appendectomy,Percutaneous Endoscopic Approach
0DBJ4ZZ,"Excision of Appendix, Percutaneous Endoscopic Approach",appendectomy,Percutaneous Endoscopic Approach
0DBJ7ZX,"Excision of Appendix, Via Natural or Artificial Opening, Diagnostic",appendectomy,NA
0DBJ7ZZ,"Excision of Appendix, Via Natural or Artificial Opening",appendectomy,Via Natural or Artificial Opening
0DBJ8ZX,"Excision of Appendix, Via Natural or Artificial Opening Endoscopic, Diagnostic",appendectomy,Natural or Artificial Opening Endoscopic
0DBJ8ZZ,"Excision of Appendix, Via Natural or Artificial Opening Endoscopic",appendectomy,Natural or Artificial Opening Endoscopic
0DCJ0ZZ,"Extirpation of Matter from Appendix, Open Approach",appendectomy,Open Approach
0DCJ3ZZ,"Extirpation of Matter from Appendix, Percutaneous Approach",appendectomy,Percutaneous Approach
0DCJ4ZZ,"Extirpation of Matter from Appendix, Percutaneous Endoscopic Approach",appendectomy,Percutaneous Endoscopic Approach
0DCJ7ZZ,"Extirpation of Matter from Appendix, Via Natural or Artificial Opening",appendectomy,Via Natural or Artificial Opening
0DCJ8ZZ,"Extirpation of Matter from Appendix, Via Natural or Artificial Opening Endoscopic",appendectomy,Natural or Artificial Opening Endoscopic
0DDJ3ZX,"Extraction of Appendix, Percutaneous Approach, Diagnostic",appendectomy,Percutaneous Approach
0DDJ4ZX,"Extraction of Appendix, Percutaneous Endoscopic Approach, Diagnostic",appendectomy,Percutaneous Endoscopic Approach
0DDJ8ZX,"Extraction of Appendix, Via Natural or Artificial Opening Endoscopic, Diagnostic",appendectomy,Natural or Artificial Opening Endoscopic
0DTJ0ZZ,"Resection of Appendix, Open Approach",appendectomy,Open Approach
0DTJ4ZG,"Resection of Appendix, Percutaneous Endoscopic Approach, Hand-Assisted",appendectomy,Percutaneous Endoscopic Approach
0DTJ4ZZ,"Resection of Appendix, Percutaneous Endoscopic Approach",appendectomy,Percutaneous Endoscopic Approach
0DTJ7ZZ,"Resection of Appendix, Via Natural or Artificial Opening",appendectomy,Via Natural or Artificial Opening
0DTJ8ZZ,"Resection of Appendix, Via Natural or Artificial Opening Endoscopic",appendectomy,Natural or Artificial Opening Endoscopic
0FB40ZZ,"Excision of Gallbladder, Open Approach",chole,Open Approach
0FB43ZZ,"Excision of Gallbladder, Percutaneous Approach",chole,Percutaneous Approach
0FB44ZZ,"Excision of Gallbladder, Percutaneous Endoscopic Approach",chole,Percutaneous Endoscopic Approach
0FB48ZZ,"Excision of Gallbladder, Via Natural or Artificial Opening Endoscopic",chole,Natural or Artificial Opening Endoscopic
0FJ44ZZ,"Inspection of Gallbladder, Percutaneous Endoscopic Approach",chole,Percutaneous Endoscopic Approach
0FT40ZZ,"Resection of Gallbladder, Open Approach",chole,Open Approach
0FT44ZG,"Resection of Gallbladder, Percutaneous Endoscopic Approach, Hand-Assisted",chole,Percutaneous Endoscopic Approach
0FT44ZZ,"Resection of Gallbladder, Percutaneous Endoscopic Approach",chole,Percutaneous Endoscopic Approach
0D5C0Z3,"Destruction of Ileocecal Valve using Laser Interstitial Thermal Therapy, Open Approach",colectomy,Open Approach
0D5C0ZZ,"Destruction of Ileocecal Valve, Open Approach",colectomy,Open Approach
0D5C4Z3,"Destruction of Ileocecal Valve using Laser Interstitial Thermal Therapy, Percutaneous Endoscopic Approach",colectomy,Percutaneous Endoscopic Approach
0D5C4ZZ,"Destruction of Ileocecal Valve, Percutaneous Endoscopic Approach",colectomy,Percutaneous Endoscopic Approach
0D5E0Z3,"Destruction of Large Intestine using Laser Interstitial Thermal Therapy, Open Approach",colectomy,Open Approach
0D5E0ZZ,"Destruction of Large Intestine, Open Approach",colectomy,Open Approach
0D5E4Z3,"Destruction of Large Intestine using Laser Interstitial Thermal Therapy, Percutaneous Endoscopic Approach",colectomy,Percutaneous Endoscopic Approach
0D5E4ZZ,"Destruction of Large Intestine, Percutaneous Endoscopic Approach",colectomy,Percutaneous Endoscopic Approach
0D5F0Z3,"Destruction of Right Large Intestine using Laser Interstitial Thermal Therapy, Open Approach",colectomy,Open Approach
0D5F0ZZ,"Destruction of Right Large Intestine, Open Approach",colectomy,Open Approach
0D5F4Z3,"Destruction of Right Large Intestine using Laser Interstitial Thermal Therapy, Percutaneous Endoscopic Approach",colectomy,Percutaneous Endoscopic Approach
0D5F4ZZ,"Destruction of Right Large Intestine, Percutaneous Endoscopic Approach",colectomy,Percutaneous Endoscopic Approach
0D5G0Z3,"Destruction of Left Large Intestine using Laser Interstitial Thermal Therapy, Open Approach",colectomy,Open Approach
0D5G0ZZ,"Destruction of Left Large Intestine, Open Approach",colectomy,Open Approach
0D5G4Z3,"Destruction of Left Large Intestine using Laser Interstitial Thermal Therapy, Percutaneous Endoscopic Approach",colectomy,Percutaneous Endoscopic Approach
0D5G4ZZ,"Destruction of Left Large Intestine, Percutaneous Endoscopic Approach",colectomy,Percutaneous Endoscopic Approach
0D5H0Z3,"Destruction of Cecum using Laser Interstitial Thermal Therapy, Open Approach",colectomy,Open Approach
0D5H0ZZ,"Destruction of Cecum, Open Approach",colectomy,Open Approach
0D5H4Z3,"Destruction of Cecum using Laser Interstitial Thermal Therapy, Percutaneous Endoscopic Approach",colectomy,Percutaneous Endoscopic Approach
0D5H4ZZ,"Destruction of Cecum, Percutaneous Endoscopic Approach",colectomy,Percutaneous Endoscopic Approach
0D5J0Z3,"Destruction of Appendix using Laser Interstitial Thermal Therapy, Open Approach",colectomy,Open Approach
0D5J0ZZ,"Destruction of Appendix, Open Approach",colectomy,Open Approach
0D5J4Z3,"Destruction of Appendix using Laser Interstitial Thermal Therapy, Percutaneous Endoscopic Approach",colectomy,Percutaneous Endoscopic Approach
0D5J4ZZ,"Destruction of Appendix, Percutaneous Endoscopic Approach",colectomy,Percutaneous Endoscopic Approach
0D5K0Z3,"Destruction of Ascending Colon using Laser Interstitial Thermal Therapy, Open Approach",colectomy,Open Approach
0D5K0ZZ,"Destruction of Ascending Colon, Open Approach",colectomy,Open Approach
0D5K4Z3,"Destruction of Ascending Colon using Laser Interstitial Thermal Therapy, Percutaneous Endoscopic Approach",colectomy,Percutaneous Endoscopic Approach
0D5K4ZZ,"Destruction of Ascending Colon, Percutaneous Endoscopic Approach",colectomy,Percutaneous Endoscopic Approach
0D5L0Z3,"Destruction of Transverse Colon using Laser Interstitial Thermal Therapy, Open Approach",colectomy,Open Approach
0D5L0ZZ,"Destruction of Transverse Colon, Open Approach",colectomy,Open Approach
0D5L4Z3,"Destruction of Transverse Colon using Laser Interstitial Thermal Therapy, Percutaneous Endoscopic Approach",colectomy,Percutaneous Endoscopic Approach
0D5L4ZZ,"Destruction of Transverse Colon, Percutaneous Endoscopic Approach",colectomy,Percutaneous Endoscopic Approach
0D5M0Z3,"Destruction of Descending Colon using Laser Interstitial Thermal Therapy, Open Approach",colectomy,Open Approach
0D5M0ZZ,"Destruction of Descending Colon, Open Approach",colectomy,Open Approach
0D5M4Z3,"Destruction of Descending Colon using Laser Interstitial Thermal Therapy, Percutaneous Endoscopic Approach",colectomy,Percutaneous Endoscopic Approach
0D5M4ZZ,"Destruction of Descending Colon, Percutaneous Endoscopic Approach",colectomy,Percutaneous Endoscopic Approach
0D5N0Z3,"Destruction of Sigmoid Colon using Laser Interstitial Thermal Therapy, Open Approach",colectomy,Open Approach
0D5N0ZZ,"Destruction of Sigmoid Colon, Open Approach",colectomy,Open Approach
0D5N4Z3,"Destruction of Sigmoid Colon using Laser Interstitial Thermal Therapy, Percutaneous Endoscopic Approach",colectomy,Percutaneous Endoscopic Approach
0D5N4ZZ,"Destruction of Sigmoid Colon, Percutaneous Endoscopic Approach",colectomy,Percutaneous Endoscopic Approach
0DBC0ZZ,"Excision of Ileocecal Valve, Open Approach",colectomy,Open Approach
0DBC4ZZ,"Excision of Ileocecal Valve, Percutaneous Endoscopic Approach",colectomy,Percutaneous Endoscopic Approach
0DBE0ZZ,"Excision of Large Intestine, Open Approach",colectomy,Open Approach
0DBE3ZZ,"Excision of Large Intestine, Percutaneous Approach",colectomy,Percutaneous Approach
0DBE4ZZ,"Excision of Large Intestine, Percutaneous Endoscopic Approach",colectomy,Percutaneous Endoscopic Approach
0DBE7ZZ,"Excision of Large Intestine, Via Natural or Artificial Opening",colectomy,Via Natural or Artificial Opening
0DBF0ZZ,"Excision of Right Large Intestine, Open Approach",colectomy,Open Approach
0DBF3ZZ,"Excision of Right Large Intestine, Percutaneous Approach",colectomy,Percutaneous Approach
0DBF4ZG,"Excision of Right Large Intestine, Percutaneous Endoscopic Approach, Hand-Assisted",colectomy,Percutaneous Endoscopic Approach
0DBF4ZZ,"Excision of Right Large Intestine, Percutaneous Endoscopic Approach",colectomy,Percutaneous Endoscopic Approach
0DBF7ZZ,"Excision of Right Large Intestine, Via Natural or Artificial Opening",colectomy,Via Natural or Artificial Opening
0DBG0ZZ,"Excision of Left Large Intestine, Open Approach",colectomy,Open Approach
0DBG3ZZ,"Excision of Left Large Intestine, Percutaneous Approach",colectomy,Percutaneous Approach
0DBG4ZG,"Excision of Left Large Intestine, Percutaneous Endoscopic Approach, Hand-Assisted",colectomy,Percutaneous Endoscopic Approach
0DBG4ZZ,"Excision of Left Large Intestine, Percutaneous Endoscopic Approach",colectomy,Percutaneous Endoscopic Approach
0DBG7ZZ,"Excision of Left Large Intestine, Via Natural or Artificial Opening",colectomy,Via Natural or Artificial Opening
0DBGFZZ,"Excision of Left Large Intestine, Via Natural or Artificial Opening With Percutaneous Endoscopic Assistance",colectomy,Natural or Artificial Opening With Percutaneous Endoscopic Assistance
0DBH0ZZ,"Excision of Cecum, Open Approach",colectomy,Open Approach
0DBH3ZZ,"Excision of Cecum, Percutaneous Approach",colectomy,Percutaneous Approach
0DBH4ZZ,"Excision of Cecum, Percutaneous Endoscopic Approach",colectomy,Percutaneous Endoscopic Approach
0DBH7ZZ,"Excision of Cecum, Via Natural or Artificial Opening",colectomy,Via Natural or Artificial Opening
0DBK0ZZ,"Excision of Ascending Colon, Open Approach",colectomy,Open Approach
0DBK3ZZ,"Excision of Ascending Colon, Percutaneous Approach",colectomy,Percutaneous Approach
0DBK4ZZ,"Excision of Ascending Colon, Percutaneous Endoscopic Approach",colectomy,Percutaneous Endoscopic Approach
0DBK7ZZ,"Excision of Ascending Colon, Via Natural or Artificial Opening",colectomy,Via Natural or Artificial Opening
0DBL0ZZ,"Excision of Transverse Colon, Open Approach",colectomy,Open Approach
0DBL3ZZ,"Excision of Transverse Colon, Percutaneous Approach",colectomy,Percutaneous Approach
0DBL4ZG,"Excision of Transverse Colon, Percutaneous Endoscopic Approach, Hand-Assisted",colectomy,Percutaneous Endoscopic Approach
0DBL4ZZ,"Excision of Transverse Colon, Percutaneous Endoscopic Approach",colectomy,Percutaneous Endoscopic Approach
0DBL7ZZ,"Excision of Transverse Colon, Via Natural or Artificial Opening",colectomy,Via Natural or Artificial Opening
0DBLFZZ,"Excision of Transverse Colon, Via Natural or Artificial Opening With Percutaneous Endoscopic Assistance",colectomy,Natural or Artificial Opening With Percutaneous Endoscopic Assistance
0DBM0ZZ,"Excision of Descending Colon, Open Approach",colectomy,Open Approach
0DBM3ZZ,"Excision of Descending Colon, Percutaneous Approach",colectomy,Percutaneous Approach
0DBM4ZG,"Excision of Descending Colon, Percutaneous Endoscopic Approach, Hand-Assisted",colectomy,Percutaneous Endoscopic Approach
0DBM4ZZ,"Excision of Descending Colon, Percutaneous Endoscopic Approach",colectomy,Percutaneous Endoscopic Approach
0DBM7ZZ,"Excision of Descending Colon, Via Natural or Artificial Opening",colectomy,Via Natural or Artificial Opening
0DBMFZZ,"Excision of Descending Colon, Via Natural or Artificial Opening With Percutaneous Endoscopic Assistance",colectomy,Natural or Artificial Opening With Percutaneous Endoscopic Assistance
0DBN0ZZ,"Excision of Sigmoid Colon, Open Approach",colectomy,Open Approach
0DBN3ZZ,"Excision of Sigmoid Colon, Percutaneous Approach",colectomy,Percutaneous Approach
0DBN4ZG,"Excision of Sigmoid Colon, Percutaneous Endoscopic Approach, Hand-Assisted",colectomy,Percutaneous Endoscopic Approach
0DBN4ZZ,"Excision of Sigmoid Colon, Percutaneous Endoscopic Approach",colectomy,Percutaneous Endoscopic Approach
0DBN7ZZ,"Excision of Sigmoid Colon, Via Natural or Artificial Opening",colectomy,Via Natural or Artificial Opening
0DBNFZZ,"Excision of Sigmoid Colon, Via Natural or Artificial Opening With Percutaneous Endoscopic Assistance",colectomy,Natural or Artificial Opening With Percutaneous Endoscopic Assistance
0DTC0ZZ,"Resection of Ileocecal Valve, Open Approach",colectomy,Open Approach
0DTC4ZZ,"Resection of Ileocecal Valve, Percutaneous Endoscopic Approach",colectomy,Percutaneous Endoscopic Approach
0DTE0ZZ,"Resection of Large Intestine, Open Approach",colectomy,Open Approach
0DTE4ZZ,"Resection of Large Intestine, Percutaneous Endoscopic Approach",colectomy,Percutaneous Endoscopic Approach
0DTE7ZZ,"Resection of Large Intestine, Via Natural or Artificial Opening",colectomy,Via Natural or Artificial Opening
0DTE8ZZ,"Resection of Large Intestine, Via Natural or Artificial Opening Endoscopic",colectomy,Natural or Artificial Opening Endoscopic
0DTF0ZZ,"Resection of Right Large Intestine, Open Approach",colectomy,Open Approach
0DTF4ZG,"Resection of Right Large Intestine, Percutaneous Endoscopic Approach, Hand-Assisted",colectomy,Percutaneous Endoscopic Approach
0DTF4ZZ,"Resection of Right Large Intestine, Percutaneous Endoscopic Approach",colectomy,Percutaneous Endoscopic Approach
0DTF7ZZ,"Resection of Right Large Intestine, Via Natural or Artificial Opening",colectomy,Via Natural or Artificial Opening
0DTF8ZZ,"Resection of Right Large Intestine, Via Natural or Artificial Opening Endoscopic",colectomy,Natural or Artificial Opening Endoscopic
0DTG0ZZ,"Resection of Left Large Intestine, Open Approach",colectomy,Open Approach
0DTG4ZG,"Resection of Left Large Intestine, Percutaneous Endoscopic Approach, Hand-Assisted",colectomy,Percutaneous Endoscopic Approach
0DTG4ZZ,"Resection of Left Large Intestine, Percutaneous Endoscopic Approach",colectomy,Percutaneous Endoscopic Approach
0DTG7ZZ,"Resection of Left Large Intestine, Via Natural or Artificial Opening",colectomy,Via Natural or Artificial Opening
0DTG8ZZ,"Resection of Left Large Intestine, Via Natural or Artificial Opening Endoscopic",colectomy,Natural or Artificial Opening Endoscopic
0DTGFZZ,"Resection of Left Large Intestine, Via Natural or Artificial Opening With Percutaneous Endoscopic Assistance",colectomy,Natural or Artificial Opening With Percutaneous Endoscopic Assistance
0DTH0ZZ,"Resection of Cecum, Open Approach",colectomy,Open Approach
0DTH4ZZ,"Resection of Cecum, Percutaneous Endoscopic Approach",colectomy,Percutaneous Endoscopic Approach
0DTH7ZZ,"Resection of Cecum, Via Natural or Artificial Opening",colectomy,Via Natural or Artificial Opening
0DTH8ZZ,"Resection of Cecum, Via Natural or Artificial Opening Endoscopic",colectomy,Natural or Artificial Opening Endoscopic
0DTK0ZZ,"Resection of Ascending Colon, Open Approach",colectomy,Open Approach
0DTK4ZZ,"Resection of Ascending Colon, Percutaneous Endoscopic Approach",colectomy,Percutaneous Endoscopic Approach
0DTK7ZZ,"Resection of Ascending Colon, Via Natural or Artificial Opening",colectomy,Via Natural or Artificial Opening
0DTK8ZZ,"Resection of Ascending Colon, Via Natural or Artificial Opening Endoscopic",colectomy,Natural or Artificial Opening Endoscopic
0DTL0ZZ,"Resection of Transverse Colon, Open Approach",colectomy,Open Approach
0DTL4ZG,"Resection of Transverse Colon, Percutaneous Endoscopic Approach, Hand-Assisted",colectomy,Percutaneous Endoscopic Approach
0DTL4ZZ,"Resection of Transverse Colon, Percutaneous Endoscopic Approach",colectomy,Percutaneous Endoscopic Approach
0DTL7ZZ,"Resection of Transverse Colon, Via Natural or Artificial Opening",colectomy,Via Natural or Artificial Opening
0DTL8ZZ,"Resection of Transverse Colon, Via Natural or Artificial Opening Endoscopic",colectomy,Natural or Artificial Opening Endoscopic
0DTLFZZ,"Resection of Transverse Colon, Via Natural or Artificial Opening With Percutaneous Endoscopic Assistance",colectomy,Natural or Artificial Opening With Percutaneous Endoscopic Assistance
0DTM0ZZ,"Resection of Descending Colon, Open Approach",colectomy,Open Approach
0DTM4ZG,"Resection of Descending Colon, Percutaneous Endoscopic Approach, Hand-Assisted",colectomy,Percutaneous Endoscopic Approach
0DTM4ZZ,"Resection of Descending Colon, Percutaneous Endoscopic Approach",colectomy,Percutaneous Endoscopic Approach
0DTM7ZZ,"Resection of Descending Colon, Via Natural or Artificial Opening",colectomy,Via Natural or Artificial Opening
0DTM8ZZ,"Resection of Descending Colon, Via Natural or Artificial Opening Endoscopic",colectomy,Natural or Artificial Opening Endoscopic
0DTMFZZ,"Resection of Descending Colon, Via Natural or Artificial Opening With Percutaneous Endoscopic Assistance",colectomy,Natural or Artificial Opening With Percutaneous Endoscopic Assistance
0DTN0ZZ,"Resection of Sigmoid Colon, Open Approach",colectomy,Open Approach
0DTN4ZG,"Resection of Sigmoid Colon, Percutaneous Endoscopic Approach, Hand-Assisted",colectomy,Percutaneous Endoscopic Approach
0DTN4ZZ,"Resection of Sigmoid Colon, Percutaneous Endoscopic Approach",colectomy,Percutaneous Endoscopic Approach
0DTN7ZZ,"Resection of Sigmoid Colon, Via Natural or Artificial Opening",colectomy,Via Natural or Artificial Opening
0DTN8ZZ,"Resection of Sigmoid Colon, Via Natural or Artificial Opening Endoscopic",colectomy,Natural or Artificial Opening Endoscopic
0DTNFZZ,"Resection of Sigmoid Colon, Via Natural or Artificial Opening With Percutaneous Endoscopic Assistance",colectomy,Natural or Artificial Opening With Percutaneous Endoscopic Assistance
00500Z3,"Destruction of Brain using Laser Interstitial Thermal Therapy, Open Approach",craniotomy,Open Approach
00500ZZ,"Destruction of Brain, Open Approach",craniotomy,Open Approach
00503Z3,"Destruction of Brain using Laser Interstitial Thermal Therapy, Percutaneous Approach",craniotomy,Percutaneous Approach
00503Z4,"Destruction of Brain using Stereoelectroencephalographic Radiofrequency Ablation, Percutaneous Approach",craniotomy,Percutaneous Approach
00503ZZ,"Destruction of Brain, Percutaneous Approach",craniotomy,Percutaneous Approach
00504Z3,"Destruction of Brain using Laser Interstitial Thermal Therapy, Percutaneous Endoscopic Approach",craniotomy,Percutaneous Endoscopic Approach
00504ZZ,"Destruction of Brain, Percutaneous Endoscopic Approach",craniotomy,Percutaneous Endoscopic Approach
00510ZZ,"Destruction of Cerebral Meninges, Open Approach",craniotomy,Open Approach
00513ZZ,"Destruction of Cerebral Meninges, Percutaneous Approach",craniotomy,Percutaneous Approach
00514ZZ,"Destruction of Cerebral Meninges, Percutaneous Endoscopic Approach",craniotomy,Percutaneous Endoscopic Approach
00520ZZ,"Destruction of Dura Mater, Open Approach",craniotomy,Open Approach
00523ZZ,"Destruction of Dura Mater, Percutaneous Approach",craniotomy,Percutaneous Approach
00524ZZ,"Destruction of Dura Mater, Percutaneous Endoscopic Approach",craniotomy,Percutaneous Endoscopic Approach
00560ZZ,"Destruction of Cerebral Ventricle, Open Approach",craniotomy,Open Approach
00563ZZ,"Destruction of Cerebral Ventricle, Percutaneous Approach",craniotomy,Percutaneous Approach
00564ZZ,"Destruction of Cerebral Ventricle, Percutaneous Endoscopic Approach",craniotomy,Percutaneous Endoscopic Approach
00570ZZ,"Destruction of Cerebral Hemisphere, Open Approach",craniotomy,Open Approach
00573ZZ,"Destruction of Cerebral Hemisphere, Percutaneous Approach",craniotomy,Percutaneous Approach
00574ZZ,"Destruction of Cerebral Hemisphere, Percutaneous Endoscopic Approach",craniotomy,Percutaneous Endoscopic Approach
00580ZZ,"Destruction of Basal Ganglia, Open Approach",craniotomy,Open Approach
00583ZZ,"Destruction of Basal Ganglia, Percutaneous Approach",craniotomy,Percutaneous Approach
00584ZZ,"Destruction of Basal Ganglia, Percutaneous Endoscopic Approach",craniotomy,Percutaneous Endoscopic Approach
00590ZZ,"Destruction of Thalamus, Open Approach",craniotomy,Open Approach
00593ZZ,"Destruction of Thalamus, Percutaneous Approach",craniotomy,Percutaneous Approach
00594ZZ,"Destruction of Thalamus, Percutaneous Endoscopic Approach",craniotomy,Percutaneous Endoscopic Approach
005A0ZZ,"Destruction of Hypothalamus, Open Approach",craniotomy,Open Approach
005A3ZZ,"Destruction of Hypothalamus, Percutaneous Approach",craniotomy,Percutaneous Approach
005A4ZZ,"Destruction of Hypothalamus, Percutaneous Endoscopic Approach",craniotomy,Percutaneous Endoscopic Approach
005B0ZZ,"Destruction of Pons, Open Approach",craniotomy,Open Approach
005B3ZZ,"Destruction of Pons, Percutaneous Approach",craniotomy,Percutaneous Approach
005B4ZZ,"Destruction of Pons, Percutaneous Endoscopic Approach",craniotomy,Percutaneous Endoscopic Approach
005C0ZZ,"Destruction of Cerebellum, Open Approach",craniotomy,Open Approach
005C3ZZ,"Destruction of Cerebellum, Percutaneous Approach",craniotomy,Percutaneous Approach
005C4ZZ,"Destruction of Cerebellum, Percutaneous Endoscopic Approach",craniotomy,Percutaneous Endoscopic Approach
005D0ZZ,"Destruction of Medulla Oblongata, Open Approach",craniotomy,Open Approach
005D3ZZ,"Destruction of Medulla Oblongata, Percutaneous Approach",craniotomy,Percutaneous Approach
005D4ZZ,"Destruction of Medulla Oblongata, Percutaneous Endoscopic Approach",craniotomy,Percutaneous Endoscopic Approach
005F0ZZ,"Destruction of Olfactory Nerve, Open Approach",craniotomy,Open Approach
005F3ZZ,"Destruction of Olfactory Nerve, Percutaneous Approach",craniotomy,Percutaneous Approach
005F4ZZ,"Destruction of Olfactory Nerve, Percutaneous Endoscopic Approach",craniotomy,Percutaneous Endoscopic Approach
005G0ZZ,"Destruction of Optic Nerve, Open Approach",craniotomy,Open Approach
005G3ZZ,"Destruction of Optic Nerve, Percutaneous Approach",craniotomy,Percutaneous Approach
005G4ZZ,"Destruction of Optic Nerve, Percutaneous Endoscopic Approach",craniotomy,Percutaneous Endoscopic Approach
005H0ZZ,"Destruction of Oculomotor Nerve, Open Approach",craniotomy,Open Approach
005H3ZZ,"Destruction of Oculomotor Nerve, Percutaneous Approach",craniotomy,Percutaneous Approach
005H4ZZ,"Destruction of Oculomotor Nerve, Percutaneous Endoscopic Approach",craniotomy,Percutaneous Endoscopic Approach
005J0ZZ,"Destruction of Trochlear Nerve, Open Approach",craniotomy,Open Approach
005J3ZZ,"Destruction of Trochlear Nerve, Percutaneous Approach",craniotomy,Percutaneous Approach
005J4ZZ,"Destruction of Trochlear Nerve, Percutaneous Endoscopic Approach",craniotomy,Percutaneous Endoscopic Approach
005K0ZZ,"Destruction of Trigeminal Nerve, Open Approach",craniotomy,Open Approach
005K3ZZ,"Destruction of Trigeminal Nerve, Percutaneous Approach",craniotomy,Percutaneous Approach
005K4ZZ,"Destruction of Trigeminal Nerve, Percutaneous Endoscopic Approach",craniotomy,Percutaneous Endoscopic Approach
005L0ZZ,"Destruction of Abducens Nerve, Open Approach",craniotomy,Open Approach
005L3ZZ,"Destruction of Abducens Nerve, Percutaneous Approach",craniotomy,Percutaneous Approach
005L4ZZ,"Destruction of Abducens Nerve, Percutaneous Endoscopic Approach",craniotomy,Percutaneous Endoscopic Approach
005M0ZZ,"Destruction of Facial Nerve, Open Approach",craniotomy,Open Approach
005M3ZZ,"Destruction of Facial Nerve, Percutaneous Approach",craniotomy,Percutaneous Approach
005M4ZZ,"Destruction of Facial Nerve, Percutaneous Endoscopic Approach",craniotomy,Percutaneous Endoscopic Approach
005N0ZZ,"Destruction of Acoustic Nerve, Open Approach",craniotomy,Open Approach
005N3ZZ,"Destruction of Acoustic Nerve, Percutaneous Approach",craniotomy,Percutaneous Approach
005N4ZZ,"Destruction of Acoustic Nerve, Percutaneous Endoscopic Approach",craniotomy,Percutaneous Endoscopic Approach
005P0ZZ,"Destruction of Glossopharyngeal Nerve, Open Approach",craniotomy,Open Approach
005P3ZZ,"Destruction of Glossopharyngeal Nerve, Percutaneous Approach",craniotomy,Percutaneous Approach
005P4ZZ,"Destruction of Glossopharyngeal Nerve, Percutaneous Endoscopic Approach",craniotomy,Percutaneous Endoscopic Approach
005Q0ZZ,"Destruction of Vagus Nerve, Open Approach",craniotomy,Open Approach
005Q3ZZ,"Destruction of Vagus Nerve, Percutaneous Approach",craniotomy,Percutaneous Approach
005Q4ZZ,"Destruction of Vagus Nerve, Percutaneous Endoscopic Approach",craniotomy,Percutaneous Endoscopic Approach
005R0ZZ,"Destruction of Accessory Nerve, Open Approach",craniotomy,Open Approach
005R3ZZ,"Destruction of Accessory Nerve, Percutaneous Approach",craniotomy,Percutaneous Approach
005R4ZZ,"Destruction of Accessory Nerve, Percutaneous Endoscopic Approach",craniotomy,Percutaneous Endoscopic Approach
005S0ZZ,"Destruction of Hypoglossal Nerve, Open Approach",craniotomy,Open Approach
005S3ZZ,"Destruction of Hypoglossal Nerve, Percutaneous Approach",craniotomy,Percutaneous Approach
005S4ZZ,"Destruction of Hypoglossal Nerve, Percutaneous Endoscopic Approach",craniotomy,Percutaneous Endoscopic Approach
005T0ZZ,"Destruction of Spinal Meninges, Open Approach",craniotomy,Open Approach
005T3ZZ,"Destruction of Spinal Meninges, Percutaneous Approach",craniotomy,Percutaneous Approach
005T4ZZ,"Destruction of Spinal Meninges, Percutaneous Endoscopic Approach",craniotomy,Percutaneous Endoscopic Approach
005W0Z3,"Destruction of Cervical Spinal Cord using Laser Interstitial Thermal Therapy, Open Approach",craniotomy,Open Approach
005W0ZZ,"Destruction of Cervical Spinal Cord, Open Approach",craniotomy,Open Approach
005W3Z3,"Destruction of Cervical Spinal Cord using Laser Interstitial Thermal Therapy, Percutaneous Approach",craniotomy,Percutaneous Approach
005W3ZZ,"Destruction of Cervical Spinal Cord, Percutaneous Approach",craniotomy,Percutaneous Approach
005W4Z3,"Destruction of Cervical Spinal Cord using Laser Interstitial Thermal Therapy, Percutaneous Endoscopic Approach",craniotomy,Percutaneous Endoscopic Approach
005W4ZZ,"Destruction of Cervical Spinal Cord, Percutaneous Endoscopic Approach",craniotomy,Percutaneous Endoscopic Approach
005X0Z3,"Destruction of Thoracic Spinal Cord using Laser Interstitial Thermal Therapy, Open Approach",craniotomy,Open Approach
005X0ZZ,"Destruction of Thoracic Spinal Cord, Open Approach",craniotomy,Open Approach
005X3Z3,"Destruction of Thoracic Spinal Cord using Laser Interstitial Thermal Therapy, Percutaneous Approach",craniotomy,Percutaneous Approach
005X3ZZ,"Destruction of Thoracic Spinal Cord, Percutaneous Approach",craniotomy,Percutaneous Approach
005X4Z3,"Destruction of Thoracic Spinal Cord using Laser Interstitial Thermal Therapy, Percutaneous Endoscopic Approach",craniotomy,Percutaneous Endoscopic Approach
005X4ZZ,"Destruction of Thoracic Spinal Cord, Percutaneous Endoscopic Approach",craniotomy,Percutaneous Endoscopic Approach
005Y0Z3,"Destruction of Lumbar Spinal Cord using Laser Interstitial Thermal Therapy, Open Approach",craniotomy,Open Approach
005Y0ZZ,"Destruction of Lumbar Spinal Cord, Open Approach",craniotomy,Open Approach
005Y3Z3,"Destruction of Lumbar Spinal Cord using Laser Interstitial Thermal Therapy, Percutaneous Approach",craniotomy,Percutaneous Approach
005Y3ZZ,"Destruction of Lumbar Spinal Cord, Percutaneous Approach",craniotomy,Percutaneous Approach
005Y4Z3,"Destruction of Lumbar Spinal Cord using Laser Interstitial Thermal Therapy, Percutaneous Endoscopic Approach",craniotomy,Percutaneous Endoscopic Approach
005Y4ZZ,"Destruction of Lumbar Spinal Cord, Percutaneous Endoscopic Approach",craniotomy,Percutaneous Endoscopic Approach
00B00ZX,"Excision of Brain, Open Approach, Diagnostic",craniotomy,Open Approach
00B00ZZ,"Excision of Brain, Open Approach",craniotomy,Open Approach
00B03ZZ,"Excision of Brain, Percutaneous Approach",craniotomy,Percutaneous Approach
00B04ZZ,"Excision of Brain, Percutaneous Endoscopic Approach",craniotomy,Percutaneous Endoscopic Approach
00B10ZZ,"Excision of Cerebral Meninges, Open Approach",craniotomy,Open Approach
00B13ZZ,"Excision of Cerebral Meninges, Percutaneous Approach",craniotomy,Percutaneous Approach
00B14ZZ,"Excision of Cerebral Meninges, Percutaneous Endoscopic Approach",craniotomy,Percutaneous Endoscopic Approach
00B20ZZ,"Excision of Dura Mater, Open Approach",craniotomy,Open Approach
00B23ZZ,"Excision of Dura Mater, Percutaneous Approach",craniotomy,Percutaneous Approach
00B24ZZ,"Excision of Dura Mater, Percutaneous Endoscopic Approach",craniotomy,Percutaneous Endoscopic Approach
00B60ZX,"Excision of Cerebral Ventricle, Open Approach, Diagnostic",craniotomy,Open Approach
00B60ZZ,"Excision of Cerebral Ventricle, Open Approach",craniotomy,Open Approach
00B63ZZ,"Excision of Cerebral Ventricle, Percutaneous Approach",craniotomy,Percutaneous Approach
00B64ZZ,"Excision of Cerebral Ventricle, Percutaneous Endoscopic Approach",craniotomy,Percutaneous Endoscopic Approach
00B70ZX,"Excision of Cerebral Hemisphere, Open Approach, Diagnostic",craniotomy,Open Approach
00B70ZZ,"Excision of Cerebral Hemisphere, Open Approach",craniotomy,Open Approach
00B73ZZ,"Excision of Cerebral Hemisphere, Percutaneous Approach",craniotomy,Percutaneous Approach
00B74ZZ,"Excision of Cerebral Hemisphere, Percutaneous Endoscopic Approach",craniotomy,Percutaneous Endoscopic Approach
00B80ZX,"Excision of Basal Ganglia, Open Approach, Diagnostic",craniotomy,Open Approach
00B80ZZ,"Excision of Basal Ganglia, Open Approach",craniotomy,Open Approach
00B83ZZ,"Excision of Basal Ganglia, Percutaneous Approach",craniotomy,Percutaneous Approach
00B84ZZ,"Excision of Basal Ganglia, Percutaneous Endoscopic Approach",craniotomy,Percutaneous Endoscopic Approach
00B90ZX,"Excision of Thalamus, Open Approach, Diagnostic",craniotomy,Open Approach
00B90ZZ,"Excision of Thalamus, Open Approach",craniotomy,Open Approach
00B93ZZ,"Excision of Thalamus, Percutaneous Approach",craniotomy,Percutaneous Approach
00B94ZZ,"Excision of Thalamus, Percutaneous Endoscopic Approach",craniotomy,Percutaneous Endoscopic Approach
00BA0ZX,"Excision of Hypothalamus, Open Approach, Diagnostic",craniotomy,Open Approach
00BA0ZZ,"Excision of Hypothalamus, Open Approach",craniotomy,Open Approach
00BA3ZZ,"Excision of Hypothalamus, Percutaneous Approach",craniotomy,Percutaneous Approach
00BA4ZZ,"Excision of Hypothalamus, Percutaneous Endoscopic Approach",craniotomy,Percutaneous Endoscopic Approach
00BB0ZX,"Excision of Pons, Open Approach, Diagnostic",craniotomy,Open Approach
00BB0ZZ,"Excision of Pons, Open Approach",craniotomy,Open Approach
00BB3ZZ,"Excision of Pons, Percutaneous Approach",craniotomy,Percutaneous Approach
00BB4ZZ,"Excision of Pons, Percutaneous Endoscopic Approach",craniotomy,Percutaneous Endoscopic Approach
00BC0ZX,"Excision of Cerebellum, Open Approach, Diagnostic",craniotomy,Open Approach
00BC0ZZ,"Excision of Cerebellum, Open Approach",craniotomy,Open Approach
00BC3ZZ,"Excision of Cerebellum, Percutaneous Approach",craniotomy,Percutaneous Approach
00BC4ZZ,"Excision of Cerebellum, Percutaneous Endoscopic Approach",craniotomy,Percutaneous Endoscopic Approach
00BD0ZX,"Excision of Medulla Oblongata, Open Approach, Diagnostic",craniotomy,Open Approach
00BD0ZZ,"Excision of Medulla Oblongata, Open Approach",craniotomy,Open Approach
00BD3ZZ,"Excision of Medulla Oblongata, Percutaneous Approach",craniotomy,Percutaneous Approach
00BD4ZZ,"Excision of Medulla Oblongata, Percutaneous Endoscopic Approach",craniotomy,Percutaneous Endoscopic Approach
00BF0ZX,"Excision of Olfactory Nerve, Open Approach, Diagnostic",craniotomy,Open Approach
00BF0ZZ,"Excision of Olfactory Nerve, Open Approach",craniotomy,Open Approach
00BF3ZZ,"Excision of Olfactory Nerve, Percutaneous Approach",craniotomy,Percutaneous Approach
00BF4ZZ,"Excision of Olfactory Nerve, Percutaneous Endoscopic Approach",craniotomy,Percutaneous Endoscopic Approach
00BG0ZX,"Excision of Optic Nerve, Open Approach, Diagnostic",craniotomy,Open Approach
00BG0ZZ,"Excision of Optic Nerve, Open Approach",craniotomy,Open Approach
00BG3ZZ,"Excision of Optic Nerve, Percutaneous Approach",craniotomy,Percutaneous Approach
00BG4ZZ,"Excision of Optic Nerve, Percutaneous Endoscopic Approach",craniotomy,Percutaneous Endoscopic Approach
00BH0ZX,"Excision of Oculomotor Nerve, Open Approach, Diagnostic",craniotomy,Open Approach
00BH0ZZ,"Excision of Oculomotor Nerve, Open Approach",craniotomy,Open Approach
00BH3ZZ,"Excision of Oculomotor Nerve, Percutaneous Approach",craniotomy,Percutaneous Approach
00BH4ZZ,"Excision of Oculomotor Nerve, Percutaneous Endoscopic Approach",craniotomy,Percutaneous Endoscopic Approach
00BJ0ZX,"Excision of Trochlear Nerve, Open Approach, Diagnostic",craniotomy,Open Approach
00BJ0ZZ,"Excision of Trochlear Nerve, Open Approach",craniotomy,Open Approach
00BJ3ZZ,"Excision of Trochlear Nerve, Percutaneous Approach",craniotomy,Percutaneous Approach
00BJ4ZZ,"Excision of Trochlear Nerve, Percutaneous Endoscopic Approach",craniotomy,Percutaneous Endoscopic Approach
00BK0ZX,"Excision of Trigeminal Nerve, Open Approach, Diagnostic",craniotomy,Open Approach
00BK0ZZ,"Excision of Trigeminal Nerve, Open Approach",craniotomy,Open Approach
00BK3ZZ,"Excision of Trigeminal Nerve, Percutaneous Approach",craniotomy,Percutaneous Approach
00BK4ZZ,"Excision of Trigeminal Nerve, Percutaneous Endoscopic Approach",craniotomy,Percutaneous Endoscopic Approach
00BL0ZX,"Excision of Abducens Nerve, Open Approach, Diagnostic",craniotomy,Open Approach
00BL0ZZ,"Excision of Abducens Nerve, Open Approach",craniotomy,Open Approach
00BL3ZZ,"Excision of Abducens Nerve, Percutaneous Approach",craniotomy,Percutaneous Approach
00BL4ZZ,"Excision of Abducens Nerve, Percutaneous Endoscopic Approach",craniotomy,Percutaneous Endoscopic Approach
00BM0ZX,"Excision of Facial Nerve, Open Approach, Diagnostic",craniotomy,Open Approach
00BM0ZZ,"Excision of Facial Nerve, Open Approach",craniotomy,Open Approach
00BM3ZZ,"Excision of Facial Nerve, Percutaneous Approach",craniotomy,Percutaneous Approach
00BM4ZZ,"Excision of Facial Nerve, Percutaneous Endoscopic Approach",craniotomy,Percutaneous Endoscopic Approach
00BN0ZX,"Excision of Acoustic Nerve, Open Approach, Diagnostic",craniotomy,Open Approach
00BN0ZZ,"Excision of Acoustic Nerve, Open Approach",craniotomy,Open Approach
00BN3ZZ,"Excision of Acoustic Nerve, Percutaneous Approach",craniotomy,Percutaneous Approach
00BN4ZZ,"Excision of Acoustic Nerve, Percutaneous Endoscopic Approach",craniotomy,Percutaneous Endoscopic Approach
00BP0ZX,"Excision of Glossopharyngeal Nerve, Open Approach, Diagnostic",craniotomy,Open Approach
00BP0ZZ,"Excision of Glossopharyngeal Nerve, Open Approach",craniotomy,Open Approach
00BP3ZZ,"Excision of Glossopharyngeal Nerve, Percutaneous Approach",craniotomy,Percutaneous Approach
00BP4ZZ,"Excision of Glossopharyngeal Nerve, Percutaneous Endoscopic Approach",craniotomy,Percutaneous Endoscopic Approach
00BQ0ZX,"Excision of Vagus Nerve, Open Approach, Diagnostic",craniotomy,Open Approach
00BQ0ZZ,"Excision of Vagus Nerve, Open Approach",craniotomy,Open Approach
00BQ3ZZ,"Excision of Vagus Nerve, Percutaneous Approach",craniotomy,Percutaneous Approach
00BQ4ZZ,"Excision of Vagus Nerve, Percutaneous Endoscopic Approach",craniotomy,Percutaneous Endoscopic Approach
00BR0ZX,"Excision of Accessory Nerve, Open Approach, Diagnostic",craniotomy,Open Approach
00BR0ZZ,"Excision of Accessory Nerve, Open Approach",craniotomy,Open Approach
00BR3ZZ,"Excision of Accessory Nerve, Percutaneous Approach",craniotomy,Percutaneous Approach
00BR4ZZ,"Excision of Accessory Nerve, Percutaneous Endoscopic Approach",craniotomy,Percutaneous Endoscopic Approach
00BS0ZX,"Excision of Hypoglossal Nerve, Open Approach, Diagnostic",craniotomy,Open Approach
00BS0ZZ,"Excision of Hypoglossal Nerve, Open Approach",craniotomy,Open Approach
00BS3ZZ,"Excision of Hypoglossal Nerve, Percutaneous Approach",craniotomy,Percutaneous Approach
00BS4ZZ,"Excision of Hypoglossal Nerve, Percutaneous Endoscopic Approach",craniotomy,Percutaneous Endoscopic Approach
00BT0ZZ,"Excision of Spinal Meninges, Open Approach",craniotomy,Open Approach
00BT3ZZ,"Excision of Spinal Meninges, Percutaneous Approach",craniotomy,Percutaneous Approach
00BT4ZZ,"Excision of Spinal Meninges, Percutaneous Endoscopic Approach",craniotomy,Percutaneous Endoscopic Approach
00BW0ZX,"Excision of Cervical Spinal Cord, Open Approach, Diagnostic",craniotomy,Open Approach
00BW0ZZ,"Excision of Cervical Spinal Cord, Open Approach",craniotomy,Open Approach
00BW3ZZ,"Excision of Cervical Spinal Cord, Percutaneous Approach",craniotomy,Percutaneous Approach
00BW4ZZ,"Excision of Cervical Spinal Cord, Percutaneous Endoscopic Approach",craniotomy,Percutaneous Endoscopic Approach
00BX0ZX,"Excision of Thoracic Spinal Cord, Open Approach, Diagnostic",craniotomy,Open Approach
00BX0ZZ,"Excision of Thoracic Spinal Cord, Open Approach",craniotomy,Open Approach
00BX3ZZ,"Excision of Thoracic Spinal Cord, Percutaneous Approach",craniotomy,Percutaneous Approach
00BX4ZZ,"Excision of Thoracic Spinal Cord, Percutaneous Endoscopic Approach",craniotomy,Percutaneous Endoscopic Approach
00BY0ZX,"Excision of Lumbar Spinal Cord, Open Approach, Diagnostic",craniotomy,Open Approach
00BY0ZZ,"Excision of Lumbar Spinal Cord, Open Approach",craniotomy,Open Approach
00BY3ZZ,"Excision of Lumbar Spinal Cord, Percutaneous Approach",craniotomy,Percutaneous Approach
00BY4ZZ,"Excision of Lumbar Spinal Cord, Percutaneous Endoscopic Approach",craniotomy,Percutaneous Endoscopic Approach
00D00ZZ,"Extraction of Brain, Open Approach",craniotomy,Open Approach
00D03ZZ,"Extraction of Brain, Percutaneous Approach",craniotomy,Percutaneous Approach
00D04ZZ,"Extraction of Brain, Percutaneous Endoscopic Approach",craniotomy,Percutaneous Endoscopic Approach
00D10ZZ,"Extraction of Cerebral Meninges, Open Approach",craniotomy,Open Approach
00D13ZZ,"Extraction of Cerebral Meninges, Percutaneous Approach",craniotomy,Percutaneous Approach
00D14ZZ,"Extraction of Cerebral Meninges, Percutaneous Endoscopic Approach",craniotomy,Percutaneous Endoscopic Approach
00D20ZZ,"Extraction of Dura Mater, Open Approach",craniotomy,Open Approach
00D23ZZ,"Extraction of Dura Mater, Percutaneous Approach",craniotomy,Percutaneous Approach
00D24ZZ,"Extraction of Dura Mater, Percutaneous Endoscopic Approach",craniotomy,Percutaneous Endoscopic Approach
00D70ZZ,"Extraction of Cerebral Hemisphere, Open Approach",craniotomy,Open Approach
00D73ZZ,"Extraction of Cerebral Hemisphere, Percutaneous Approach",craniotomy,Percutaneous Approach
00D74ZZ,"Extraction of Cerebral Hemisphere, Percutaneous Endoscopic Approach",craniotomy,Percutaneous Endoscopic Approach
00DC0ZZ,"Extraction of Cerebellum, Open Approach",craniotomy,Open Approach
00DC3ZZ,"Extraction of Cerebellum, Percutaneous Approach",craniotomy,Percutaneous Approach
00DC4ZZ,"Extraction of Cerebellum, Percutaneous Endoscopic Approach",craniotomy,Percutaneous Endoscopic Approach
00DF0ZZ,"Extraction of Olfactory Nerve, Open Approach",craniotomy,Open Approach
00DF3ZZ,"Extraction of Olfactory Nerve, Percutaneous Approach",craniotomy,Percutaneous Approach
00DF4ZZ,"Extraction of Olfactory Nerve, Percutaneous Endoscopic Approach",craniotomy,Percutaneous Endoscopic Approach
00DG0ZZ,"Extraction of Optic Nerve, Open Approach",craniotomy,Open Approach
00DG3ZZ,"Extraction of Optic Nerve, Percutaneous Approach",craniotomy,Percutaneous Approach
00DG4ZZ,"Extraction of Optic Nerve, Percutaneous Endoscopic Approach",craniotomy,Percutaneous Endoscopic Approach
00DH0ZZ,"Extraction of Oculomotor Nerve, Open Approach",craniotomy,Open Approach
00DH3ZZ,"Extraction of Oculomotor Nerve, Percutaneous Approach",craniotomy,Percutaneous Approach
00DH4ZZ,"Extraction of Oculomotor Nerve, Percutaneous Endoscopic Approach",craniotomy,Percutaneous Endoscopic Approach
00DJ0ZZ,"Extraction of Trochlear Nerve, Open Approach",craniotomy,Open Approach
00DJ3ZZ,"Extraction of Trochlear Nerve, Percutaneous Approach",craniotomy,Percutaneous Approach
00DJ4ZZ,"Extraction of Trochlear Nerve, Percutaneous Endoscopic Approach",craniotomy,Percutaneous Endoscopic Approach
00DK0ZZ,"Extraction of Trigeminal Nerve, Open Approach",craniotomy,Open Approach
00DK3ZZ,"Extraction of Trigeminal Nerve, Percutaneous Approach",craniotomy,Percutaneous Approach
00DK4ZZ,"Extraction of Trigeminal Nerve, Percutaneous Endoscopic Approach",craniotomy,Percutaneous Endoscopic Approach
00DL0ZZ,"Extraction of Abducens Nerve, Open Approach",craniotomy,Open Approach
00DL3ZZ,"Extraction of Abducens Nerve, Percutaneous Approach",craniotomy,Percutaneous Approach
00DL4ZZ,"Extraction of Abducens Nerve, Percutaneous Endoscopic Approach",craniotomy,Percutaneous Endoscopic Approach
00DM0ZZ,"Extraction of Facial Nerve, Open Approach",craniotomy,Open Approach
00DM3ZZ,"Extraction of Facial Nerve, Percutaneous Approach",craniotomy,Percutaneous Approach
00DM4ZZ,"Extraction of Facial Nerve, Percutaneous Endoscopic Approach",craniotomy,Percutaneous Endoscopic Approach
00DN0ZZ,"Extraction of Acoustic Nerve, Open Approach",craniotomy,Open Approach
00DN3ZZ,"Extraction of Acoustic Nerve, Percutaneous Approach",craniotomy,Percutaneous Approach
00DN4ZZ,"Extraction of Acoustic Nerve, Percutaneous Endoscopic Approach",craniotomy,Percutaneous Endoscopic Approach
00DP0ZZ,"Extraction of Glossopharyngeal Nerve, Open Approach",craniotomy,Open Approach
00DP3ZZ,"Extraction of Glossopharyngeal Nerve, Percutaneous Approach",craniotomy,Percutaneous Approach
00DP4ZZ,"Extraction of Glossopharyngeal Nerve, Percutaneous Endoscopic Approach",craniotomy,Percutaneous Endoscopic Approach
00DQ0ZZ,"Extraction of Vagus Nerve, Open Approach",craniotomy,Open Approach
00DQ3ZZ,"Extraction of Vagus Nerve, Percutaneous Approach",craniotomy,Percutaneous Approach
00DQ4ZZ,"Extraction of Vagus Nerve, Percutaneous Endoscopic Approach",craniotomy,Percutaneous Endoscopic Approach
00DR0ZZ,"Extraction of Accessory Nerve, Open Approach",craniotomy,Open Approach
00DR3ZZ,"Extraction of Accessory Nerve, Percutaneous Approach",craniotomy,Percutaneous Approach
00DR4ZZ,"Extraction of Accessory Nerve, Percutaneous Endoscopic Approach",craniotomy,Percutaneous Endoscopic Approach
00DS0ZZ,"Extraction of Hypoglossal Nerve, Open Approach",craniotomy,Open Approach
00DS3ZZ,"Extraction of Hypoglossal Nerve, Percutaneous Approach",craniotomy,Percutaneous Approach
00DS4ZZ,"Extraction of Hypoglossal Nerve, Percutaneous Endoscopic Approach",craniotomy,Percutaneous Endoscopic Approach
00DT0ZZ,"Extraction of Spinal Meninges, Open Approach",craniotomy,Open Approach
00DT3ZZ,"Extraction of Spinal Meninges, Percutaneous Approach",craniotomy,Percutaneous Approach
00DT4ZZ,"Extraction of Spinal Meninges, Percutaneous Endoscopic Approach",craniotomy,Percutaneous Endoscopic Approach
00T70ZZ,"Resection of Cerebral Hemisphere, Open Approach",craniotomy,Open Approach
00T73ZZ,"Resection of Cerebral Hemisphere, Percutaneous Approach",craniotomy,Percutaneous Approach
00T74ZZ,"Resection of Cerebral Hemisphere, Percutaneous Endoscopic Approach",craniotomy,Percutaneous Endoscopic Approach
0QH604Z,"Insertion of Internal Fixation Device into Right Upper Femur, Open Approach",femur,Open Approach
0QH605Z,"Insertion of External Fixation Device into Right Upper Femur, Open Approach",femur,Open Approach
0QH606Z,"Insertion of Intramedullary Internal Fixation Device into Right Upper Femur, Open Approach",femur,Open Approach
0QH60BZ,"Insertion of Monoplanar External Fixation Device into Right Upper Femur, Open Approach",femur,Open Approach
0QH60CZ,"Insertion of Ring External Fixation Device into Right Upper Femur, Open Approach",femur,Open Approach
0QH60DZ,"Insertion of Hybrid External Fixation Device into Right Upper Femur, Open Approach",femur,Open Approach
0QH634Z,"Insertion of Internal Fixation Device into Right Upper Femur, Percutaneous Approach",femur,Percutaneous Approach
0QH635Z,"Insertion of External Fixation Device into Right Upper Femur, Percutaneous Approach",femur,Percutaneous Approach
0QH636Z,"Insertion of Intramedullary Internal Fixation Device into Right Upper Femur, Percutaneous Approach",femur,Percutaneous Approach
0QH63BZ,"Insertion of Monoplanar External Fixation Device into Right Upper Femur, Percutaneous Approach",femur,Percutaneous Approach
0QH63CZ,"Insertion of Ring External Fixation Device into Right Upper Femur, Percutaneous Approach",femur,Percutaneous Approach
0QH63DZ,"Insertion of Hybrid External Fixation Device into Right Upper Femur, Percutaneous Approach",femur,Percutaneous Approach
0QH644Z,"Insertion of Internal Fixation Device into Right Upper Femur, Percutaneous Endoscopic Approach",femur,Percutaneous Endoscopic Approach
0QH645Z,"Insertion of External Fixation Device into Right Upper Femur, Percutaneous Endoscopic Approach",femur,Percutaneous Endoscopic Approach
0QH646Z,"Insertion of Intramedullary Internal Fixation Device into Right Upper Femur, Percutaneous Endoscopic Approach",femur,Percutaneous Endoscopic Approach
0QH64BZ,"Insertion of Monoplanar External Fixation Device into Right Upper Femur, Percutaneous Endoscopic Approach",femur,Percutaneous Endoscopic Approach
0QH64CZ,"Insertion of Ring External Fixation Device into Right Upper Femur, Percutaneous Endoscopic Approach",femur,Percutaneous Endoscopic Approach
0QH64DZ,"Insertion of Hybrid External Fixation Device into Right Upper Femur, Percutaneous Endoscopic Approach",femur,Percutaneous Endoscopic Approach
0QH704Z,"Insertion of Internal Fixation Device into Left Upper Femur, Open Approach",femur,Open Approach
0QH705Z,"Insertion of External Fixation Device into Left Upper Femur, Open Approach",femur,Open Approach
0QH706Z,"Insertion of Intramedullary Internal Fixation Device into Left Upper Femur, Open Approach",femur,Open Approach
0QH70BZ,"Insertion of Monoplanar External Fixation Device into Left Upper Femur, Open Approach",femur,Open Approach
0QH70CZ,"Insertion of Ring External Fixation Device into Left Upper Femur, Open Approach",femur,Open Approach
0QH70DZ,"Insertion of Hybrid External Fixation Device into Left Upper Femur, Open Approach",femur,Open Approach
0QH734Z,"Insertion of Internal Fixation Device into Left Upper Femur, Percutaneous Approach",femur,Percutaneous Approach
0QH735Z,"Insertion of External Fixation Device into Left Upper Femur, Percutaneous Approach",femur,Percutaneous Approach
0QH736Z,"Insertion of Intramedullary Internal Fixation Device into Left Upper Femur, Percutaneous Approach",femur,Percutaneous Approach
0QH73BZ,"Insertion of Monoplanar External Fixation Device into Left Upper Femur, Percutaneous Approach",femur,Percutaneous Approach
0QH73CZ,"Insertion of Ring External Fixation Device into Left Upper Femur, Percutaneous Approach",femur,Percutaneous Approach
0QH73DZ,"Insertion of Hybrid External Fixation Device into Left Upper Femur, Percutaneous Approach",femur,Percutaneous Approach
0QH744Z,"Insertion of Internal Fixation Device into Left Upper Femur, Percutaneous Endoscopic Approach",femur,Percutaneous Endoscopic Approach
0QH745Z,"Insertion of External Fixation Device into Left Upper Femur, Percutaneous Endoscopic Approach",femur,Percutaneous Endoscopic Approach
0QH746Z,"Insertion of Intramedullary Internal Fixation Device into Left Upper Femur, Percutaneous Endoscopic Approach",femur,Percutaneous Endoscopic Approach
0QH74BZ,"Insertion of Monoplanar External Fixation Device into Left Upper Femur, Percutaneous Endoscopic Approach",femur,Percutaneous Endoscopic Approach
0QH74CZ,"Insertion of Ring External Fixation Device into Left Upper Femur, Percutaneous Endoscopic Approach",femur,Percutaneous Endoscopic Approach
0QH74DZ,"Insertion of Hybrid External Fixation Device into Left Upper Femur, Percutaneous Endoscopic Approach",femur,Percutaneous Endoscopic Approach
0QH804Z,"Insertion of Internal Fixation Device into Right Femoral Shaft, Open Approach",femur,Open Approach
0QH805Z,"Insertion of External Fixation Device into Right Femoral Shaft, Open Approach",femur,Open Approach
0QH806Z,"Insertion of Intramedullary Internal Fixation Device into Right Femoral Shaft, Open Approach",femur,Open Approach
0QH80BZ,"Insertion of Monoplanar External Fixation Device into Right Femoral Shaft, Open Approach",femur,Open Approach
0QH80CZ,"Insertion of Ring External Fixation Device into Right Femoral Shaft, Open Approach",femur,Open Approach
0QH80DZ,"Insertion of Hybrid External Fixation Device into Right Femoral Shaft, Open Approach",femur,Open Approach
0QH834Z,"Insertion of Internal Fixation Device into Right Femoral Shaft, Percutaneous Approach",femur,Percutaneous Approach
0QH835Z,"Insertion of External Fixation Device into Right Femoral Shaft, Percutaneous Approach",femur,Percutaneous Approach
0QH836Z,"Insertion of Intramedullary Internal Fixation Device into Right Femoral Shaft, Percutaneous Approach",femur,Percutaneous Approach
0QH83BZ,"Insertion of Monoplanar External Fixation Device into Right Femoral Shaft, Percutaneous Approach",femur,Percutaneous Approach
0QH83CZ,"Insertion of Ring External Fixation Device into Right Femoral Shaft, Percutaneous Approach",femur,Percutaneous Approach
0QH83DZ,"Insertion of Hybrid External Fixation Device into Right Femoral Shaft, Percutaneous Approach",femur,Percutaneous Approach
0QH844Z,"Insertion of Internal Fixation Device into Right Femoral Shaft, Percutaneous Endoscopic Approach",femur,Percutaneous Endoscopic Approach
0QH845Z,"Insertion of External Fixation Device into Right Femoral Shaft, Percutaneous Endoscopic Approach",femur,Percutaneous Endoscopic Approach
0QH846Z,"Insertion of Intramedullary Internal Fixation Device into Right Femoral Shaft, Percutaneous Endoscopic Approach",femur,Percutaneous Endoscopic Approach
0QH84BZ,"Insertion of Monoplanar External Fixation Device into Right Femoral Shaft, Percutaneous Endoscopic Approach",femur,Percutaneous Endoscopic Approach
0QH84CZ,"Insertion of Ring External Fixation Device into Right Femoral Shaft, Percutaneous Endoscopic Approach",femur,Percutaneous Endoscopic Approach
0QH84DZ,"Insertion of Hybrid External Fixation Device into Right Femoral Shaft, Percutaneous Endoscopic Approach",femur,Percutaneous Endoscopic Approach
0QH904Z,"Insertion of Internal Fixation Device into Left Femoral Shaft, Open Approach",femur,Open Approach
0QH905Z,"Insertion of External Fixation Device into Left Femoral Shaft, Open Approach",femur,Open Approach
0QH906Z,"Insertion of Intramedullary Internal Fixation Device into Left Femoral Shaft, Open Approach",femur,Open Approach
0QH90BZ,"Insertion of Monoplanar External Fixation Device into Left Femoral Shaft, Open Approach",femur,Open Approach
0QH90CZ,"Insertion of Ring External Fixation Device into Left Femoral Shaft, Open Approach",femur,Open Approach
0QH90DZ,"Insertion of Hybrid External Fixation Device into Left Femoral Shaft, Open Approach",femur,Open Approach
0QH934Z,"Insertion of Internal Fixation Device into Left Femoral Shaft, Percutaneous Approach",femur,Percutaneous Approach
0QH935Z,"Insertion of External Fixation Device into Left Femoral Shaft, Percutaneous Approach",femur,Percutaneous Approach
0QH936Z,"Insertion of Intramedullary Internal Fixation Device into Left Femoral Shaft, Percutaneous Approach",femur,Percutaneous Approach
0QH93BZ,"Insertion of Monoplanar External Fixation Device into Left Femoral Shaft, Percutaneous Approach",femur,Percutaneous Approach
0QH93CZ,"Insertion of Ring External Fixation Device into Left Femoral Shaft, Percutaneous Approach",femur,Percutaneous Approach
0QH93DZ,"Insertion of Hybrid External Fixation Device into Left Femoral Shaft, Percutaneous Approach",femur,Percutaneous Approach
0QH944Z,"Insertion of Internal Fixation Device into Left Femoral Shaft, Percutaneous Endoscopic Approach",femur,Percutaneous Endoscopic Approach
0QH945Z,"Insertion of External Fixation Device into Left Femoral Shaft, Percutaneous Endoscopic Approach",femur,Percutaneous Endoscopic Approach
0QH946Z,"Insertion of Intramedullary Internal Fixation Device into Left Femoral Shaft, Percutaneous Endoscopic Approach",femur,Percutaneous Endoscopic Approach
0QH94BZ,"Insertion of Monoplanar External Fixation Device into Left Femoral Shaft, Percutaneous Endoscopic Approach",femur,Percutaneous Endoscopic Approach
0QH94CZ,"Insertion of Ring External Fixation Device into Left Femoral Shaft, Percutaneous Endoscopic Approach",femur,Percutaneous Endoscopic Approach
0QH94DZ,"Insertion of Hybrid External Fixation Device into Left Femoral Shaft, Percutaneous Endoscopic Approach",femur,Percutaneous Endoscopic Approach
0QHB04Z,"Insertion of Internal Fixation Device into Right Lower Femur, Open Approach",femur,Open Approach
0QHB05Z,"Insertion of External Fixation Device into Right Lower Femur, Open Approach",femur,Open Approach
0QHB06Z,"Insertion of Intramedullary Internal Fixation Device into Right Lower Femur, Open Approach",femur,Open Approach
0QHB0BZ,"Insertion of Monoplanar External Fixation Device into Right Lower Femur, Open Approach",femur,Open Approach
0QHB0CZ,"Insertion of Ring External Fixation Device into Right Lower Femur, Open Approach",femur,Open Approach
0QHB0DZ,"Insertion of Hybrid External Fixation Device into Right Lower Femur, Open Approach",femur,Open Approach
0QHB34Z,"Insertion of Internal Fixation Device into Right Lower Femur, Percutaneous Approach",femur,Percutaneous Approach
0QHB35Z,"Insertion of External Fixation Device into Right Lower Femur, Percutaneous Approach",femur,Percutaneous Approach
0QHB36Z,"Insertion of Intramedullary Internal Fixation Device into Right Lower Femur, Percutaneous Approach",femur,Percutaneous Approach
0QHB3BZ,"Insertion of Monoplanar External Fixation Device into Right Lower Femur, Percutaneous Approach",femur,Percutaneous Approach
0QHB3CZ,"Insertion of Ring External Fixation Device into Right Lower Femur, Percutaneous Approach",femur,Percutaneous Approach
0QHB3DZ,"Insertion of Hybrid External Fixation Device into Right Lower Femur, Percutaneous Approach",femur,Percutaneous Approach
0QHB44Z,"Insertion of Internal Fixation Device into Right Lower Femur, Percutaneous Endoscopic Approach",femur,Percutaneous Endoscopic Approach
0QHB45Z,"Insertion of External Fixation Device into Right Lower Femur, Percutaneous Endoscopic Approach",femur,Percutaneous Endoscopic Approach
0QHB46Z,"Insertion of Intramedullary Internal Fixation Device into Right Lower Femur, Percutaneous Endoscopic Approach",femur,Percutaneous Endoscopic Approach
0QHB4BZ,"Insertion of Monoplanar External Fixation Device into Right Lower Femur, Percutaneous Endoscopic Approach",femur,Percutaneous Endoscopic Approach
0QHB4CZ,"Insertion of Ring External Fixation Device into Right Lower Femur, Percutaneous Endoscopic Approach",femur,Percutaneous Endoscopic Approach
0QHB4DZ,"Insertion of Hybrid External Fixation Device into Right Lower Femur, Percutaneous Endoscopic Approach",femur,Percutaneous Endoscopic Approach
0QHC04Z,"Insertion of Internal Fixation Device into Left Lower Femur, Open Approach",femur,Open Approach
0QHC05Z,"Insertion of External Fixation Device into Left Lower Femur, Open Approach",femur,Open Approach
0QHC06Z,"Insertion of Intramedullary Internal Fixation Device into Left Lower Femur, Open Approach",femur,Open Approach
0QHC0BZ,"Insertion of Monoplanar External Fixation Device into Left Lower Femur, Open Approach",femur,Open Approach
0QHC0CZ,"Insertion of Ring External Fixation Device into Left Lower Femur, Open Approach",femur,Open Approach
0QHC0DZ,"Insertion of Hybrid External Fixation Device into Left Lower Femur, Open Approach",femur,Open Approach
0QHC34Z,"Insertion of Internal Fixation Device into Left Lower Femur, Percutaneous Approach",femur,Percutaneous Approach
0QHC35Z,"Insertion of External Fixation Device into Left Lower Femur, Percutaneous Approach",femur,Percutaneous Approach
0QHC36Z,"Insertion of Intramedullary Internal Fixation Device into Left Lower Femur, Percutaneous Approach",femur,Percutaneous Approach
0QHC3BZ,"Insertion of Monoplanar External Fixation Device into Left Lower Femur, Percutaneous Approach",femur,Percutaneous Approach
0QHC3CZ,"Insertion of Ring External Fixation Device into Left Lower Femur, Percutaneous Approach",femur,Percutaneous Approach
0QHC3DZ,"Insertion of Hybrid External Fixation Device into Left Lower Femur, Percutaneous Approach",femur,Percutaneous Approach
0QHC44Z,"Insertion of Internal Fixation Device into Left Lower Femur, Percutaneous Endoscopic Approach",femur,Percutaneous Endoscopic Approach
0QHC45Z,"Insertion of External Fixation Device into Left Lower Femur, Percutaneous Endoscopic Approach",femur,Percutaneous Endoscopic Approach
0QHC46Z,"Insertion of Intramedullary Internal Fixation Device into Left Lower Femur, Percutaneous Endoscopic Approach",femur,Percutaneous Endoscopic Approach
0QHC4BZ,"Insertion of Monoplanar External Fixation Device into Left Lower Femur, Percutaneous Endoscopic Approach",femur,Percutaneous Endoscopic Approach
0QHC4CZ,"Insertion of Ring External Fixation Device into Left Lower Femur, Percutaneous Endoscopic Approach",femur,Percutaneous Endoscopic Approach
0QHC4DZ,"Insertion of Hybrid External Fixation Device into Left Lower Femur, Percutaneous Endoscopic Approach",femur,Percutaneous Endoscopic Approach
0QP604Z,"Removal of Internal Fixation Device from Right Upper Femur, Open Approach",femur,Open Approach
0QP605Z,"Removal of External Fixation Device from Right Upper Femur, Open Approach",femur,Open Approach
0QP634Z,"Removal of Internal Fixation Device from Right Upper Femur, Percutaneous Approach",femur,Percutaneous Approach
0QP635Z,"Removal of External Fixation Device from Right Upper Femur, Percutaneous Approach",femur,Percutaneous Approach
0QP644Z,"Removal of Internal Fixation Device from Right Upper Femur, Percutaneous Endoscopic Approach",femur,Percutaneous Endoscopic Approach
0QP645Z,"Removal of External Fixation Device from Right Upper Femur, Percutaneous Endoscopic Approach",femur,Percutaneous Endoscopic Approach
0QP6X4Z,"Removal of Internal Fixation Device from Right Upper Femur, External Approach",femur,External Approach
0QP6X5Z,"Removal of External Fixation Device from Right Upper Femur, External Approach",femur,External Approach
0QP704Z,"Removal of Internal Fixation Device from Left Upper Femur, Open Approach",femur,Open Approach
0QP705Z,"Removal of External Fixation Device from Left Upper Femur, Open Approach",femur,Open Approach
0QP734Z,"Removal of Internal Fixation Device from Left Upper Femur, Percutaneous Approach",femur,Percutaneous Approach
0QP735Z,"Removal of External Fixation Device from Left Upper Femur, Percutaneous Approach",femur,Percutaneous Approach
0QP744Z,"Removal of Internal Fixation Device from Left Upper Femur, Percutaneous Endoscopic Approach",femur,Percutaneous Endoscopic Approach
0QP745Z,"Removal of External Fixation Device from Left Upper Femur, Percutaneous Endoscopic Approach",femur,Percutaneous Endoscopic Approach
0QP7X4Z,"Removal of Internal Fixation Device from Left Upper Femur, External Approach",femur,External Approach
0QP7X5Z,"Removal of External Fixation Device from Left Upper Femur, External Approach",femur,External Approach
0QP804Z,"Removal of Internal Fixation Device from Right Femoral Shaft, Open Approach",femur,Open Approach
0QP805Z,"Removal of External Fixation Device from Right Femoral Shaft, Open Approach",femur,Open Approach
0QP834Z,"Removal of Internal Fixation Device from Right Femoral Shaft, Percutaneous Approach",femur,Percutaneous Approach
0QP835Z,"Removal of External Fixation Device from Right Femoral Shaft, Percutaneous Approach",femur,Percutaneous Approach
0QP844Z,"Removal of Internal Fixation Device from Right Femoral Shaft, Percutaneous Endoscopic Approach",femur,Percutaneous Endoscopic Approach
0QP845Z,"Removal of External Fixation Device from Right Femoral Shaft, Percutaneous Endoscopic Approach",femur,Percutaneous Endoscopic Approach
0QP8X4Z,"Removal of Internal Fixation Device from Right Femoral Shaft, External Approach",femur,External Approach
0QP8X5Z,"Removal of External Fixation Device from Right Femoral Shaft, External Approach",femur,External Approach
0QP904Z,"Removal of Internal Fixation Device from Left Femoral Shaft, Open Approach",femur,Open Approach
0QP905Z,"Removal of External Fixation Device from Left Femoral Shaft, Open Approach",femur,Open Approach
0QP934Z,"Removal of Internal Fixation Device from Left Femoral Shaft, Percutaneous Approach",femur,Percutaneous Approach
0QP935Z,"Removal of External Fixation Device from Left Femoral Shaft, Percutaneous Approach",femur,Percutaneous Approach
0QP944Z,"Removal of Internal Fixation Device from Left Femoral Shaft, Percutaneous Endoscopic Approach",femur,Percutaneous Endoscopic Approach
0QP945Z,"Removal of External Fixation Device from Left Femoral Shaft, Percutaneous Endoscopic Approach",femur,Percutaneous Endoscopic Approach
0QP9X4Z,"Removal of Internal Fixation Device from Left Femoral Shaft, External Approach",femur,External Approach
0QP9X5Z,"Removal of External Fixation Device from Left Femoral Shaft, External Approach",femur,External Approach
0QPB04Z,"Removal of Internal Fixation Device from Right Lower Femur, Open Approach",femur,Open Approach
0QPB05Z,"Removal of External Fixation Device from Right Lower Femur, Open Approach",femur,Open Approach
0QPB34Z,"Removal of Internal Fixation Device from Right Lower Femur, Percutaneous Approach",femur,Percutaneous Approach
0QPB35Z,"Removal of External Fixation Device from Right Lower Femur, Percutaneous Approach",femur,Percutaneous Approach
0QPB44Z,"Removal of Internal Fixation Device from Right Lower Femur, Percutaneous Endoscopic Approach",femur,Percutaneous Endoscopic Approach
0QPB45Z,"Removal of External Fixation Device from Right Lower Femur, Percutaneous Endoscopic Approach",femur,Percutaneous Endoscopic Approach
0QPBX4Z,"Removal of Internal Fixation Device from Right Lower Femur, External Approach",femur,External Approach
0QPBX5Z,"Removal of External Fixation Device from Right Lower Femur, External Approach",femur,External Approach
0QPC04Z,"Removal of Internal Fixation Device from Left Lower Femur, Open Approach",femur,Open Approach
0QPC05Z,"Removal of External Fixation Device from Left Lower Femur, Open Approach",femur,Open Approach
0QPC34Z,"Removal of Internal Fixation Device from Left Lower Femur, Percutaneous Approach",femur,Percutaneous Approach
0QPC35Z,"Removal of External Fixation Device from Left Lower Femur, Percutaneous Approach",femur,Percutaneous Approach
0QPC44Z,"Removal of Internal Fixation Device from Left Lower Femur, Percutaneous Endoscopic Approach",femur,Percutaneous Endoscopic Approach
0QPC45Z,"Removal of External Fixation Device from Left Lower Femur, Percutaneous Endoscopic Approach",femur,Percutaneous Endoscopic Approach
0QPCX4Z,"Removal of Internal Fixation Device from Left Lower Femur, External Approach",femur,External Approach
0QPCX5Z,"Removal of External Fixation Device from Left Lower Femur, External Approach",femur,External Approach
0QS604Z,"Reposition Right Upper Femur with Internal Fixation Device, Open Approach",femur,Open Approach
0QS605Z,"Reposition Right Upper Femur with External Fixation Device, Open Approach",femur,Open Approach
0QS606Z,"Reposition Right Upper Femur with Intramedullary Internal Fixation Device, Open Approach",femur,Open Approach
0QS60BZ,"Reposition Right Upper Femur with Monoplanar External Fixation Device, Open Approach",femur,Open Approach
0QS60CZ,"Reposition Right Upper Femur with Ring External Fixation Device, Open Approach",femur,Open Approach
0QS60DZ,"Reposition Right Upper Femur with Hybrid External Fixation Device, Open Approach",femur,Open Approach
0QS60ZZ,"Reposition Right Upper Femur, Open Approach",femur,Open Approach
0QS634Z,"Reposition Right Upper Femur with Internal Fixation Device, Percutaneous Approach",femur,Percutaneous Approach
0QS635Z,"Reposition Right Upper Femur with External Fixation Device, Percutaneous Approach",femur,Percutaneous Approach
0QS636Z,"Reposition Right Upper Femur with Intramedullary Internal Fixation Device, Percutaneous Approach",femur,Percutaneous Approach
0QS63BZ,"Reposition Right Upper Femur with Monoplanar External Fixation Device, Percutaneous Approach",femur,Percutaneous Approach
0QS63CZ,"Reposition Right Upper Femur with Ring External Fixation Device, Percutaneous Approach",femur,Percutaneous Approach
0QS63DZ,"Reposition Right Upper Femur with Hybrid External Fixation Device, Percutaneous Approach",femur,Percutaneous Approach
0QS63ZZ,"Reposition Right Upper Femur, Percutaneous Approach",femur,Percutaneous Approach
0QS644Z,"Reposition Right Upper Femur with Internal Fixation Device, Percutaneous Endoscopic Approach",femur,Percutaneous Endoscopic Approach
0QS645Z,"Reposition Right Upper Femur with External Fixation Device, Percutaneous Endoscopic Approach",femur,Percutaneous Endoscopic Approach
0QS646Z,"Reposition Right Upper Femur with Intramedullary Internal Fixation Device, Percutaneous Endoscopic Approach",femur,Percutaneous Endoscopic Approach
0QS64BZ,"Reposition Right Upper Femur with Monoplanar External Fixation Device, Percutaneous Endoscopic Approach",femur,Percutaneous Endoscopic Approach
0QS64CZ,"Reposition Right Upper Femur with Ring External Fixation Device, Percutaneous Endoscopic Approach",femur,Percutaneous Endoscopic Approach
0QS64DZ,"Reposition Right Upper Femur with Hybrid External Fixation Device, Percutaneous Endoscopic Approach",femur,Percutaneous Endoscopic Approach
0QS64ZZ,"Reposition Right Upper Femur, Percutaneous Endoscopic Approach",femur,Percutaneous Endoscopic Approach
0QS704Z,"Reposition Left Upper Femur with Internal Fixation Device, Open Approach",femur,Open Approach
0QS705Z,"Reposition Left Upper Femur with External Fixation Device, Open Approach",femur,Open Approach
0QS706Z,"Reposition Left Upper Femur with Intramedullary Internal Fixation Device, Open Approach",femur,Open Approach
0QS70BZ,"Reposition Left Upper Femur with Monoplanar External Fixation Device, Open Approach",femur,Open Approach
0QS70CZ,"Reposition Left Upper Femur with Ring External Fixation Device, Open Approach",femur,Open Approach
0QS70DZ,"Reposition Left Upper Femur with Hybrid External Fixation Device, Open Approach",femur,Open Approach
0QS70ZZ,"Reposition Left Upper Femur, Open Approach",femur,Open Approach
0QS734Z,"Reposition Left Upper Femur with Internal Fixation Device, Percutaneous Approach",femur,Percutaneous Approach
0QS735Z,"Reposition Left Upper Femur with External Fixation Device, Percutaneous Approach",femur,Percutaneous Approach
0QS736Z,"Reposition Left Upper Femur with Intramedullary Internal Fixation Device, Percutaneous Approach",femur,Percutaneous Approach
0QS73BZ,"Reposition Left Upper Femur with Monoplanar External Fixation Device, Percutaneous Approach",femur,Percutaneous Approach
0QS73CZ,"Reposition Left Upper Femur with Ring External Fixation Device, Percutaneous Approach",femur,Percutaneous Approach
0QS73DZ,"Reposition Left Upper Femur with Hybrid External Fixation Device, Percutaneous Approach",femur,Percutaneous Approach
0QS73ZZ,"Reposition Left Upper Femur, Percutaneous Approach",femur,Percutaneous Approach
0QS744Z,"Reposition Left Upper Femur with Internal Fixation Device, Percutaneous Endoscopic Approach",femur,Percutaneous Endoscopic Approach
0QS745Z,"Reposition Left Upper Femur with External Fixation Device, Percutaneous Endoscopic Approach",femur,Percutaneous Endoscopic Approach
0QS746Z,"Reposition Left Upper Femur with Intramedullary Internal Fixation Device, Percutaneous Endoscopic Approach",femur,Percutaneous Endoscopic Approach
0QS74BZ,"Reposition Left Upper Femur with Monoplanar External Fixation Device, Percutaneous Endoscopic Approach",femur,Percutaneous Endoscopic Approach
0QS74CZ,"Reposition Left Upper Femur with Ring External Fixation Device, Percutaneous Endoscopic Approach",femur,Percutaneous Endoscopic Approach
0QS74DZ,"Reposition Left Upper Femur with Hybrid External Fixation Device, Percutaneous Endoscopic Approach",femur,Percutaneous Endoscopic Approach
0QS74ZZ,"Reposition Left Upper Femur, Percutaneous Endoscopic Approach",femur,Percutaneous Endoscopic Approach
0QS804Z,"Reposition Right Femoral Shaft with Internal Fixation Device, Open Approach",femur,Open Approach
0QS805Z,"Reposition Right Femoral Shaft with External Fixation Device, Open Approach",femur,Open Approach
0QS806Z,"Reposition Right Femoral Shaft with Intramedullary Internal Fixation Device, Open Approach",femur,Open Approach
0QS80BZ,"Reposition Right Femoral Shaft with Monoplanar External Fixation Device, Open Approach",femur,Open Approach
0QS80CZ,"Reposition Right Femoral Shaft with Ring External Fixation Device, Open Approach",femur,Open Approach
0QS80DZ,"Reposition Right Femoral Shaft with Hybrid External Fixation Device, Open Approach",femur,Open Approach
0QS80ZZ,"Reposition Right Femoral Shaft, Open Approach",femur,Open Approach
0QS834Z,"Reposition Right Femoral Shaft with Internal Fixation Device, Percutaneous Approach",femur,Percutaneous Approach
0QS835Z,"Reposition Right Femoral Shaft with External Fixation Device, Percutaneous Approach",femur,Percutaneous Approach
0QS836Z,"Reposition Right Femoral Shaft with Intramedullary Internal Fixation Device, Percutaneous Approach",femur,Percutaneous Approach
0QS83BZ,"Reposition Right Femoral Shaft with Monoplanar External Fixation Device, Percutaneous Approach",femur,Percutaneous Approach
0QS83CZ,"Reposition Right Femoral Shaft with Ring External Fixation Device, Percutaneous Approach",femur,Percutaneous Approach
0QS83DZ,"Reposition Right Femoral Shaft with Hybrid External Fixation Device, Percutaneous Approach",femur,Percutaneous Approach
0QS83ZZ,"Reposition Right Femoral Shaft, Percutaneous Approach",femur,Percutaneous Approach
0QS844Z,"Reposition Right Femoral Shaft with Internal Fixation Device, Percutaneous Endoscopic Approach",femur,Percutaneous Endoscopic Approach
0QS845Z,"Reposition Right Femoral Shaft with External Fixation Device, Percutaneous Endoscopic Approach",femur,Percutaneous Endoscopic Approach
0QS846Z,"Reposition Right Femoral Shaft with Intramedullary Internal Fixation Device, Percutaneous Endoscopic Approach",femur,Percutaneous Endoscopic Approach
0QS84BZ,"Reposition Right Femoral Shaft with Monoplanar External Fixation Device, Percutaneous Endoscopic Approach",femur,Percutaneous Endoscopic Approach
0QS84CZ,"Reposition Right Femoral Shaft with Ring External Fixation Device, Percutaneous Endoscopic Approach",femur,Percutaneous Endoscopic Approach
0QS84DZ,"Reposition Right Femoral Shaft with Hybrid External Fixation Device, Percutaneous Endoscopic Approach",femur,Percutaneous Endoscopic Approach
0QS84ZZ,"Reposition Right Femoral Shaft, Percutaneous Endoscopic Approach",femur,Percutaneous Endoscopic Approach
0QS904Z,"Reposition Left Femoral Shaft with Internal Fixation Device, Open Approach",femur,Open Approach
0QS905Z,"Reposition Left Femoral Shaft with External Fixation Device, Open Approach",femur,Open Approach
0QS906Z,"Reposition Left Femoral Shaft with Intramedullary Internal Fixation Device, Open Approach",femur,Open Approach
0QS90BZ,"Reposition Left Femoral Shaft with Monoplanar External Fixation Device, Open Approach",femur,Open Approach
0QS90CZ,"Reposition Left Femoral Shaft with Ring External Fixation Device, Open Approach",femur,Open Approach
0QS90DZ,"Reposition Left Femoral Shaft with Hybrid External Fixation Device, Open Approach",femur,Open Approach
0QS90ZZ,"Reposition Left Femoral Shaft, Open Approach",femur,Open Approach
0QS934Z,"Reposition Left Femoral Shaft with Internal Fixation Device, Percutaneous Approach",femur,Percutaneous Approach
0QS935Z,"Reposition Left Femoral Shaft with External Fixation Device, Percutaneous Approach",femur,Percutaneous Approach
0QS936Z,"Reposition Left Femoral Shaft with Intramedullary Internal Fixation Device, Percutaneous Approach",femur,Percutaneous Approach
0QS93BZ,"Reposition Left Femoral Shaft with Monoplanar External Fixation Device, Percutaneous Approach",femur,Percutaneous Approach
0QS93CZ,"Reposition Left Femoral Shaft with Ring External Fixation Device, Percutaneous Approach",femur,Percutaneous Approach
0QS93DZ,"Reposition Left Femoral Shaft with Hybrid External Fixation Device, Percutaneous Approach",femur,Percutaneous Approach
0QS93ZZ,"Reposition Left Femoral Shaft, Percutaneous Approach",femur,Percutaneous Approach
0QS944Z,"Reposition Left Femoral Shaft with Internal Fixation Device, Percutaneous Endoscopic Approach",femur,Percutaneous Endoscopic Approach
0QS945Z,"Reposition Left Femoral Shaft with External Fixation Device, Percutaneous Endoscopic Approach",femur,Percutaneous Endoscopic Approach
0QS946Z,"Reposition Left Femoral Shaft with Intramedullary Internal Fixation Device, Percutaneous Endoscopic Approach",femur,Percutaneous Endoscopic Approach
0QS94BZ,"Reposition Left Femoral Shaft with Monoplanar External Fixation Device, Percutaneous Endoscopic Approach",femur,Percutaneous Endoscopic Approach
0QS94CZ,"Reposition Left Femoral Shaft with Ring External Fixation Device, Percutaneous Endoscopic Approach",femur,Percutaneous Endoscopic Approach
0QS94DZ,"Reposition Left Femoral Shaft with Hybrid External Fixation Device, Percutaneous Endoscopic Approach",femur,Percutaneous Endoscopic Approach
0QS94ZZ,"Reposition Left Femoral Shaft, Percutaneous Endoscopic Approach",femur,Percutaneous Endoscopic Approach
0QSB04Z,"Reposition Right Lower Femur with Internal Fixation Device, Open Approach",femur,Open Approach
0QSB05Z,"Reposition Right Lower Femur with External Fixation Device, Open Approach",femur,Open Approach
0QSB06Z,"Reposition Right Lower Femur with Intramedullary Internal Fixation Device, Open Approach",femur,Open Approach
0QSB0BZ,"Reposition Right Lower Femur with Monoplanar External Fixation Device, Open Approach",femur,Open Approach
0QSB0CZ,"Reposition Right Lower Femur with Ring External Fixation Device, Open Approach",femur,Open Approach
0QSB0DZ,"Reposition Right Lower Femur with Hybrid External Fixation Device, Open Approach",femur,Open Approach
0QSB0ZZ,"Reposition Right Lower Femur, Open Approach",femur,Open Approach
0QSB34Z,"Reposition Right Lower Femur with Internal Fixation Device, Percutaneous Approach",femur,Percutaneous Approach
0QSB35Z,"Reposition Right Lower Femur with External Fixation Device, Percutaneous Approach",femur,Percutaneous Approach
0QSB36Z,"Reposition Right Lower Femur with Intramedullary Internal Fixation Device, Percutaneous Approach",femur,Percutaneous Approach
0QSB3BZ,"Reposition Right Lower Femur with Monoplanar External Fixation Device, Percutaneous Approach",femur,Percutaneous Approach
0QSB3CZ,"Reposition Right Lower Femur with Ring External Fixation Device, Percutaneous Approach",femur,Percutaneous Approach
0QSB3DZ,"Reposition Right Lower Femur with Hybrid External Fixation Device, Percutaneous Approach",femur,Percutaneous Approach
0QSB3ZZ,"Reposition Right Lower Femur, Percutaneous Approach",femur,Percutaneous Approach
0QSB44Z,"Reposition Right Lower Femur with Internal Fixation Device, Percutaneous Endoscopic Approach",femur,Percutaneous Endoscopic Approach
0QSB45Z,"Reposition Right Lower Femur with External Fixation Device, Percutaneous Endoscopic Approach",femur,Percutaneous Endoscopic Approach
0QSB46Z,"Reposition Right Lower Femur with Intramedullary Internal Fixation Device, Percutaneous Endoscopic Approach",femur,Percutaneous Endoscopic Approach
0QSB4BZ,"Reposition Right Lower Femur with Monoplanar External Fixation Device, Percutaneous Endoscopic Approach",femur,Percutaneous Endoscopic Approach
0QSB4CZ,"Reposition Right Lower Femur with Ring External Fixation Device, Percutaneous Endoscopic Approach",femur,Percutaneous Endoscopic Approach
0QSB4DZ,"Reposition Right Lower Femur with Hybrid External Fixation Device, Percutaneous Endoscopic Approach",femur,Percutaneous Endoscopic Approach
0QSB4ZZ,"Reposition Right Lower Femur, Percutaneous Endoscopic Approach",femur,Percutaneous Endoscopic Approach
0QSC04Z,"Reposition Left Lower Femur with Internal Fixation Device, Open Approach",femur,Open Approach
0QSC05Z,"Reposition Left Lower Femur with External Fixation Device, Open Approach",femur,Open Approach
0QSC06Z,"Reposition Left Lower Femur with Intramedullary Internal Fixation Device, Open Approach",femur,Open Approach
0QSC0BZ,"Reposition Left Lower Femur with Monoplanar External Fixation Device, Open Approach",femur,Open Approach
0QSC0CZ,"Reposition Left Lower Femur with Ring External Fixation Device, Open Approach",femur,Open Approach
0QSC0DZ,"Reposition Left Lower Femur with Hybrid External Fixation Device, Open Approach",femur,Open Approach
0QSC0ZZ,"Reposition Left Lower Femur, Open Approach",femur,Open Approach
0QSC34Z,"Reposition Left Lower Femur with Internal Fixation Device, Percutaneous Approach",femur,Percutaneous Approach
0QSC35Z,"Reposition Left Lower Femur with External Fixation Device, Percutaneous Approach",femur,Percutaneous Approach
0QSC36Z,"Reposition Left Lower Femur with Intramedullary Internal Fixation Device, Percutaneous Approach",femur,Percutaneous Approach
0QSC3BZ,"Reposition Left Lower Femur with Monoplanar External Fixation Device, Percutaneous Approach",femur,Percutaneous Approach
0QSC3CZ,"Reposition Left Lower Femur with Ring External Fixation Device, Percutaneous Approach",femur,Percutaneous Approach
0QSC3DZ,"Reposition Left Lower Femur with Hybrid External Fixation Device, Percutaneous Approach",femur,Percutaneous Approach
0QSC3ZZ,"Reposition Left Lower Femur, Percutaneous Approach",femur,Percutaneous Approach
0QSC44Z,"Reposition Left Lower Femur with Internal Fixation Device, Percutaneous Endoscopic Approach",femur,Percutaneous Endoscopic Approach
0QSC45Z,"Reposition Left Lower Femur with External Fixation Device, Percutaneous Endoscopic Approach",femur,Percutaneous Endoscopic Approach
0QSC46Z,"Reposition Left Lower Femur with Intramedullary Internal Fixation Device, Percutaneous Endoscopic Approach",femur,Percutaneous Endoscopic Approach
0QSC4BZ,"Reposition Left Lower Femur with Monoplanar External Fixation Device, Percutaneous Endoscopic Approach",femur,Percutaneous Endoscopic Approach
0QSC4CZ,"Reposition Left Lower Femur with Ring External Fixation Device, Percutaneous Endoscopic Approach",femur,Percutaneous Endoscopic Approach
0QSC4DZ,"Reposition Left Lower Femur with Hybrid External Fixation Device, Percutaneous Endoscopic Approach",femur,Percutaneous Endoscopic Approach
0QSC4ZZ,"Reposition Left Lower Femur, Percutaneous Endoscopic Approach",femur,Percutaneous Endoscopic Approach
0QW604Z,"Revision of Internal Fixation Device in Right Upper Femur, Open Approach",femur,Open Approach
0QW605Z,"Revision of External Fixation Device in Right Upper Femur, Open Approach",femur,Open Approach
0QW634Z,"Revision of Internal Fixation Device in Right Upper Femur, Percutaneous Approach",femur,Percutaneous Approach
0QW635Z,"Revision of External Fixation Device in Right Upper Femur, Percutaneous Approach",femur,Percutaneous Approach
0QW644Z,"Revision of Internal Fixation Device in Right Upper Femur, Percutaneous Endoscopic Approach",femur,Percutaneous Endoscopic Approach
0QW645Z,"Revision of External Fixation Device in Right Upper Femur, Percutaneous Endoscopic Approach",femur,Percutaneous Endoscopic Approach
0QW6X4Z,"Revision of Internal Fixation Device in Right Upper Femur, External Approach",femur,External Approach
0QW6X5Z,"Revision of External Fixation Device in Right Upper Femur, External Approach",femur,External Approach
0QW704Z,"Revision of Internal Fixation Device in Left Upper Femur, Open Approach",femur,Open Approach
0QW705Z,"Revision of External Fixation Device in Left Upper Femur, Open Approach",femur,Open Approach
0QW734Z,"Revision of Internal Fixation Device in Left Upper Femur, Percutaneous Approach",femur,Percutaneous Approach
0QW735Z,"Revision of External Fixation Device in Left Upper Femur, Percutaneous Approach",femur,Percutaneous Approach
0QW744Z,"Revision of Internal Fixation Device in Left Upper Femur, Percutaneous Endoscopic Approach",femur,Percutaneous Endoscopic Approach
0QW745Z,"Revision of External Fixation Device in Left Upper Femur, Percutaneous Endoscopic Approach",femur,Percutaneous Endoscopic Approach
0QW7X4Z,"Revision of Internal Fixation Device in Left Upper Femur, External Approach",femur,External Approach
0QW7X5Z,"Revision of External Fixation Device in Left Upper Femur, External Approach",femur,External Approach
0QW804Z,"Revision of Internal Fixation Device in Right Femoral Shaft, Open Approach",femur,Open Approach
0QW805Z,"Revision of External Fixation Device in Right Femoral Shaft, Open Approach",femur,Open Approach
0QW834Z,"Revision of Internal Fixation Device in Right Femoral Shaft, Percutaneous Approach",femur,Percutaneous Approach
0QW835Z,"Revision of External Fixation Device in Right Femoral Shaft, Percutaneous Approach",femur,Percutaneous Approach
0QW844Z,"Revision of Internal Fixation Device in Right Femoral Shaft, Percutaneous Endoscopic Approach",femur,Percutaneous Endoscopic Approach
0QW845Z,"Revision of External Fixation Device in Right Femoral Shaft, Percutaneous Endoscopic Approach",femur,Percutaneous Endoscopic Approach
0QW8X4Z,"Revision of Internal Fixation Device in Right Femoral Shaft, External Approach",femur,External Approach
0QW8X5Z,"Revision of External Fixation Device in Right Femoral Shaft, External Approach",femur,External Approach
0QW904Z,"Revision of Internal Fixation Device in Left Femoral Shaft, Open Approach",femur,Open Approach
0QW905Z,"Revision of External Fixation Device in Left Femoral Shaft, Open Approach",femur,Open Approach
0QW934Z,"Revision of Internal Fixation Device in Left Femoral Shaft, Percutaneous Approach",femur,Percutaneous Approach
0QW935Z,"Revision of External Fixation Device in Left Femoral Shaft, Percutaneous Approach",femur,Percutaneous Approach
0QW944Z,"Revision of Internal Fixation Device in Left Femoral Shaft, Percutaneous Endoscopic Approach",femur,Percutaneous Endoscopic Approach
0QW945Z,"Revision of External Fixation Device in Left Femoral Shaft, Percutaneous Endoscopic Approach",femur,Percutaneous Endoscopic Approach
0QW9X4Z,"Revision of Internal Fixation Device in Left Femoral Shaft, External Approach",femur,External Approach
0QW9X5Z,"Revision of External Fixation Device in Left Femoral Shaft, External Approach",femur,External Approach
0QWB04Z,"Revision of Internal Fixation Device in Right Lower Femur, Open Approach",femur,Open Approach
0QWB05Z,"Revision of External Fixation Device in Right Lower Femur, Open Approach",femur,Open Approach
0QWB34Z,"Revision of Internal Fixation Device in Right Lower Femur, Percutaneous Approach",femur,Percutaneous Approach
0QWB35Z,"Revision of External Fixation Device in Right Lower Femur, Percutaneous Approach",femur,Percutaneous Approach
0QWB44Z,"Revision of Internal Fixation Device in Right Lower Femur, Percutaneous Endoscopic Approach",femur,Percutaneous Endoscopic Approach
0QWB45Z,"Revision of External Fixation Device in Right Lower Femur, Percutaneous Endoscopic Approach",femur,Percutaneous Endoscopic Approach
0QWBX4Z,"Revision of Internal Fixation Device in Right Lower Femur, External Approach",femur,External Approach
0QWBX5Z,"Revision of External Fixation Device in Right Lower Femur, External Approach",femur,External Approach
0QWC04Z,"Revision of Internal Fixation Device in Left Lower Femur, Open Approach",femur,Open Approach
0QWC05Z,"Revision of External Fixation Device in Left Lower Femur, Open Approach",femur,Open Approach
0QWC34Z,"Revision of Internal Fixation Device in Left Lower Femur, Percutaneous Approach",femur,Percutaneous Approach
0QWC35Z,"Revision of External Fixation Device in Left Lower Femur, Percutaneous Approach",femur,Percutaneous Approach
0QWC44Z,"Revision of Internal Fixation Device in Left Lower Femur, Percutaneous Endoscopic Approach",femur,Percutaneous Endoscopic Approach
0QWC45Z,"Revision of External Fixation Device in Left Lower Femur, Percutaneous Endoscopic Approach",femur,Percutaneous Endoscopic Approach
0QWCX4Z,"Revision of Internal Fixation Device in Left Lower Femur, External Approach",femur,External Approach
0QWCX5Z,"Revision of External Fixation Device in Left Lower Femur, External Approach",femur,External Approach
0D1607A,"Bypass Stomach to Jejunum with Autologous Tissue Substitute, Open Approach",gastricBypass,Open Approach
0D160JA,"Bypass Stomach to Jejunum with Synthetic Substitute, Open Approach",gastricBypass,Open Approach
0D160KA,"Bypass Stomach to Jejunum with Nonautologous Tissue Substitute, Open Approach",gastricBypass,Open Approach
0D160ZA,"Bypass Stomach to Jejunum, Open Approach",gastricBypass,Open Approach
0D1647A,"Bypass Stomach to Jejunum with Autologous Tissue Substitute, Percutaneous Endoscopic Approach",gastricBypass,Percutaneous Endoscopic Approach
0D164JA,"Bypass Stomach to Jejunum with Synthetic Substitute, Percutaneous Endoscopic Approach",gastricBypass,Percutaneous Endoscopic Approach
0D164KA,"Bypass Stomach to Jejunum with Nonautologous Tissue Substitute, Percutaneous Endoscopic Approach",gastricBypass,Percutaneous Endoscopic Approach
0D164ZA,"Bypass Stomach to Jejunum, Percutaneous Endoscopic Approach",gastricBypass,Percutaneous Endoscopic Approach
0D1687A,"Bypass Stomach to Jejunum with Autologous Tissue Substitute, Via Natural or Artificial Opening Endoscopic",gastricBypass,Natural or Artificial Opening Endoscopic
0D168JA,"Bypass Stomach to Jejunum with Synthetic Substitute, Via Natural or Artificial Opening Endoscopic",gastricBypass,Natural or Artificial Opening Endoscopic
0D168KA,"Bypass Stomach to Jejunum with Nonautologous Tissue Substitute, Via Natural or Artificial Opening Endoscopic",gastricBypass,Natural or Artificial Opening Endoscopic
0D168ZA,"Bypass Stomach to Jejunum, Via Natural or Artificial Opening Endoscopic",gastricBypass,Natural or Artificial Opening Endoscopic
0F500ZZ,"Destruction of Liver, Open Approach",liver,Open Approach
0F504ZZ,"Destruction of Liver, Percutaneous Endoscopic Approach",liver,Percutaneous Endoscopic Approach
0FB00ZZ,"Excision of Liver, Open Approach",liver,Open Approach
0FB04ZZ,"Excision of Liver, Percutaneous Endoscopic Approach",liver,Percutaneous Endoscopic Approach
0FB10ZZ,"Excision of Right Lobe Liver, Open Approach",liver,Open Approach
0FB14ZZ,"Excision of Right Lobe Liver, Percutaneous Endoscopic Approach",liver,Percutaneous Endoscopic Approach
0FB20ZZ,"Excision of Left Lobe Liver, Open Approach",liver,Open Approach
0FB24ZZ,"Excision of Left Lobe Liver, Percutaneous Endoscopic Approach",liver,Percutaneous Endoscopic Approach
0FT00ZZ,"Resection of Liver, Open Approach",liver,Open Approach
0FT04ZZ,"Resection of Liver, Percutaneous Endoscopic Approach",liver,Percutaneous Endoscopic Approach
0FT10ZZ,"Resection of Right Lobe Liver, Open Approach",liver,Open Approach
0FT14ZZ,"Resection of Right Lobe Liver, Percutaneous Endoscopic Approach",liver,Percutaneous Endoscopic Approach
0FT20ZZ,"Resection of Left Lobe Liver, Open Approach",liver,Open Approach
0FT24ZZ,"Resection of Left Lobe Liver, Percutaneous Endoscopic Approach",liver,Percutaneous Endoscopic Approach
0B510ZZ,"Destruction of Trachea, Open Approach",lung,Open Approach
0B514ZZ,"Destruction of Trachea, Percutaneous Endoscopic Approach",lung,Percutaneous Endoscopic Approach
0B520ZZ,"Destruction of Carina, Open Approach",lung,Open Approach
0B524ZZ,"Destruction of Carina, Percutaneous Endoscopic Approach",lung,Percutaneous Endoscopic Approach
0B530ZZ,"Destruction of Right Main Bronchus, Open Approach",lung,Open Approach
0B534ZZ,"Destruction of Right Main Bronchus, Percutaneous Endoscopic Approach",lung,Percutaneous Endoscopic Approach
0B540ZZ,"Destruction of Right Upper Lobe Bronchus, Open Approach",lung,Open Approach
0B544ZZ,"Destruction of Right Upper Lobe Bronchus, Percutaneous Endoscopic Approach",lung,Percutaneous Endoscopic Approach
0B550ZZ,"Destruction of Right Middle Lobe Bronchus, Open Approach",lung,Open Approach
0B554ZZ,"Destruction of Right Middle Lobe Bronchus, Percutaneous Endoscopic Approach",lung,Percutaneous Endoscopic Approach
0B560ZZ,"Destruction of Right Lower Lobe Bronchus, Open Approach",lung,Open Approach
0B564ZZ,"Destruction of Right Lower Lobe Bronchus, Percutaneous Endoscopic Approach",lung,Percutaneous Endoscopic Approach
0B570ZZ,"Destruction of Left Main Bronchus, Open Approach",lung,Open Approach
0B574ZZ,"Destruction of Left Main Bronchus, Percutaneous Endoscopic Approach",lung,Percutaneous Endoscopic Approach
0B580ZZ,"Destruction of Left Upper Lobe Bronchus, Open Approach",lung,Open Approach
0B584ZZ,"Destruction of Left Upper Lobe Bronchus, Percutaneous Endoscopic Approach",lung,Percutaneous Endoscopic Approach
0B590ZZ,"Destruction of Lingula Bronchus, Open Approach",lung,Open Approach
0B594ZZ,"Destruction of Lingula Bronchus, Percutaneous Endoscopic Approach",lung,Percutaneous Endoscopic Approach
0B5B0ZZ,"Destruction of Left Lower Lobe Bronchus, Open Approach",lung,Open Approach
0B5B4ZZ,"Destruction of Left Lower Lobe Bronchus, Percutaneous Endoscopic Approach",lung,Percutaneous Endoscopic Approach
0B5C0Z3,"Destruction of Right Upper Lung Lobe using Laser Interstitial Thermal Therapy, Open Approach",lung,Open Approach
0B5C0ZZ,"Destruction of Right Upper Lung Lobe, Open Approach",lung,Open Approach
0B5C4Z3,"Destruction of Right Upper Lung Lobe using Laser Interstitial Thermal Therapy, Percutaneous Endoscopic Approach",lung,Percutaneous Endoscopic Approach
0B5C4ZZ,"Destruction of Right Upper Lung Lobe, Percutaneous Endoscopic Approach",lung,Percutaneous Endoscopic Approach
0B5D0Z3,"Destruction of Right Middle Lung Lobe using Laser Interstitial Thermal Therapy, Open Approach",lung,Open Approach
0B5D0ZZ,"Destruction of Right Middle Lung Lobe, Open Approach",lung,Open Approach
0B5D4Z3,"Destruction of Right Middle Lung Lobe using Laser Interstitial Thermal Therapy, Percutaneous Endoscopic Approach",lung,Percutaneous Endoscopic Approach
0B5D4ZZ,"Destruction of Right Middle Lung Lobe, Percutaneous Endoscopic Approach",lung,Percutaneous Endoscopic Approach
0B5F0Z3,"Destruction of Right Lower Lung Lobe using Laser Interstitial Thermal Therapy, Open Approach",lung,Open Approach
0B5F0ZZ,"Destruction of Right Lower Lung Lobe, Open Approach",lung,Open Approach
0B5F4Z3,"Destruction of Right Lower Lung Lobe using Laser Interstitial Thermal Therapy, Percutaneous Endoscopic Approach",lung,Percutaneous Endoscopic Approach
0B5F4ZZ,"Destruction of Right Lower Lung Lobe, Percutaneous Endoscopic Approach",lung,Percutaneous Endoscopic Approach
0B5G0Z3,"Destruction of Left Upper Lung Lobe using Laser Interstitial Thermal Therapy, Open Approach",lung,Open Approach
0B5G0ZZ,"Destruction of Left Upper Lung Lobe, Open Approach",lung,Open Approach
0B5G4Z3,"Destruction of Left Upper Lung Lobe using Laser Interstitial Thermal Therapy, Percutaneous Endoscopic Approach",lung,Percutaneous Endoscopic Approach
0B5G4ZZ,"Destruction of Left Upper Lung Lobe, Percutaneous Endoscopic Approach",lung,Percutaneous Endoscopic Approach
0B5H0Z3,"Destruction of Lung Lingula using Laser Interstitial Thermal Therapy, Open Approach",lung,Open Approach
0B5H0ZZ,"Destruction of Lung Lingula, Open Approach",lung,Open Approach
0B5H4Z3,"Destruction of Lung Lingula using Laser Interstitial Thermal Therapy, Percutaneous Endoscopic Approach",lung,Percutaneous Endoscopic Approach
0B5H4ZZ,"Destruction of Lung Lingula, Percutaneous Endoscopic Approach",lung,Percutaneous Endoscopic Approach
0B5J0Z3,"Destruction of Left Lower Lung Lobe using Laser Interstitial Thermal Therapy, Open Approach",lung,Open Approach
0B5J0ZZ,"Destruction of Left Lower Lung Lobe, Open Approach",lung,Open Approach
0B5J4Z3,"Destruction of Left Lower Lung Lobe using Laser Interstitial Thermal Therapy, Percutaneous Endoscopic Approach",lung,Percutaneous Endoscopic Approach
0B5J4ZZ,"Destruction of Left Lower Lung Lobe, Percutaneous Endoscopic Approach",lung,Percutaneous Endoscopic Approach
0B5K0Z3,"Destruction of Right Lung using Laser Interstitial Thermal Therapy, Open Approach",lung,Open Approach
0B5K0ZZ,"Destruction of Right Lung, Open Approach",lung,Open Approach
0B5K4Z3,"Destruction of Right Lung using Laser Interstitial Thermal Therapy, Percutaneous Endoscopic Approach",lung,Percutaneous Endoscopic Approach
0B5K4ZZ,"Destruction of Right Lung, Percutaneous Endoscopic Approach",lung,Percutaneous Endoscopic Approach
0B5L0Z3,"Destruction of Left Lung using Laser Interstitial Thermal Therapy, Open Approach",lung,Open Approach
0B5L0ZZ,"Destruction of Left Lung, Open Approach",lung,Open Approach
0B5L4Z3,"Destruction of Left Lung using Laser Interstitial Thermal Therapy, Percutaneous Endoscopic Approach",lung,Percutaneous Endoscopic Approach
0B5L4ZZ,"Destruction of Left Lung, Percutaneous Endoscopic Approach",lung,Percutaneous Endoscopic Approach
0B5M0Z3,"Destruction of Bilateral Lungs using Laser Interstitial Thermal Therapy, Open Approach",lung,Open Approach
0B5M0ZZ,"Destruction of Bilateral Lungs, Open Approach",lung,Open Approach
0B5M4Z3,"Destruction of Bilateral Lungs using Laser Interstitial Thermal Therapy, Percutaneous Endoscopic Approach",lung,Percutaneous Endoscopic Approach
0B5M4ZZ,"Destruction of Bilateral Lungs, Percutaneous Endoscopic Approach",lung,Percutaneous Endoscopic Approach
0B5N0ZZ,"Destruction of Right Pleura, Open Approach",lung,Open Approach
0B5N4ZZ,"Destruction of Right Pleura, Percutaneous Endoscopic Approach",lung,Percutaneous Endoscopic Approach
0B5P0ZZ,"Destruction of Left Pleura, Open Approach",lung,Open Approach
0B5P4ZZ,"Destruction of Left Pleura, Percutaneous Endoscopic Approach",lung,Percutaneous Endoscopic Approach
0B5R0ZZ,NA,lung,NA
0B5R4ZZ,NA,lung,NA
0B5S0ZZ,NA,lung,NA
0B5S4ZZ,NA,lung,NA
0B5T0ZZ,"Destruction of Diaphragm, Open Approach",lung,Open Approach
0B5T4ZZ,"Destruction of Diaphragm, Percutaneous Endoscopic Approach",lung,Percutaneous Endoscopic Approach
0BB10ZZ,"Excision of Trachea, Open Approach",lung,Open Approach
0BB14ZZ,"Excision of Trachea, Percutaneous Endoscopic Approach",lung,Percutaneous Endoscopic Approach
0BB20ZZ,"Excision of Carina, Open Approach",lung,Open Approach
0BB24ZZ,"Excision of Carina, Percutaneous Endoscopic Approach",lung,Percutaneous Endoscopic Approach
0BB30ZZ,"Excision of Right Main Bronchus, Open Approach",lung,Open Approach
0BB34ZZ,"Excision of Right Main Bronchus, Percutaneous Endoscopic Approach",lung,Percutaneous Endoscopic Approach
0BB40ZZ,"Excision of Right Upper Lobe Bronchus, Open Approach",lung,Open Approach
0BB44ZZ,"Excision of Right Upper Lobe Bronchus, Percutaneous Endoscopic Approach",lung,Percutaneous Endoscopic Approach
0BB50ZZ,"Excision of Right Middle Lobe Bronchus, Open Approach",lung,Open Approach
0BB54ZZ,"Excision of Right Middle Lobe Bronchus, Percutaneous Endoscopic Approach",lung,Percutaneous Endoscopic Approach
0BB60ZZ,"Excision of Right Lower Lobe Bronchus, Open Approach",lung,Open Approach
0BB64ZZ,"Excision of Right Lower Lobe Bronchus, Percutaneous Endoscopic Approach",lung,Percutaneous Endoscopic Approach
0BB70ZZ,"Excision of Left Main Bronchus, Open Approach",lung,Open Approach
0BB74ZZ,"Excision of Left Main Bronchus, Percutaneous Endoscopic Approach",lung,Percutaneous Endoscopic Approach
0BB80ZZ,"Excision of Left Upper Lobe Bronchus, Open Approach",lung,Open Approach
0BB84ZZ,"Excision of Left Upper Lobe Bronchus, Percutaneous Endoscopic Approach",lung,Percutaneous Endoscopic Approach
0BB90ZZ,"Excision of Lingula Bronchus, Open Approach",lung,Open Approach
0BB94ZZ,"Excision of Lingula Bronchus, Percutaneous Endoscopic Approach",lung,Percutaneous Endoscopic Approach
0BBB0ZZ,"Excision of Left Lower Lobe Bronchus, Open Approach",lung,Open Approach
0BBB4ZZ,"Excision of Left Lower Lobe Bronchus, Percutaneous Endoscopic Approach",lung,Percutaneous Endoscopic Approach
0BBC0ZZ,"Excision of Right Upper Lung Lobe, Open Approach",lung,Open Approach
0BBC4ZZ,"Excision of Right Upper Lung Lobe, Percutaneous Endoscopic Approach",lung,Percutaneous Endoscopic Approach
0BBD0ZZ,"Excision of Right Middle Lung Lobe, Open Approach",lung,Open Approach
0BBD4ZZ,"Excision of Right Middle Lung Lobe, Percutaneous Endoscopic Approach",lung,Percutaneous Endoscopic Approach
0BBF0ZZ,"Excision of Right Lower Lung Lobe, Open Approach",lung,Open Approach
0BBF4ZZ,"Excision of Right Lower Lung Lobe, Percutaneous Endoscopic Approach",lung,Percutaneous Endoscopic Approach
0BBG0ZZ,"Excision of Left Upper Lung Lobe, Open Approach",lung,Open Approach
0BBG4ZZ,"Excision of Left Upper Lung Lobe, Percutaneous Endoscopic Approach",lung,Percutaneous Endoscopic Approach
0BBH0ZZ,"Excision of Lung Lingula, Open Approach",lung,Open Approach
0BBH4ZZ,"Excision of Lung Lingula, Percutaneous Endoscopic Approach",lung,Percutaneous Endoscopic Approach
0BBJ0ZZ,"Excision of Left Lower Lung Lobe, Open Approach",lung,Open Approach
0BBJ4ZZ,"Excision of Left Lower Lung Lobe, Percutaneous Endoscopic Approach",lung,Percutaneous Endoscopic Approach
0BBK0ZZ,"Excision of Right Lung, Open Approach",lung,Open Approach
0BBK4ZZ,"Excision of Right Lung, Percutaneous Endoscopic Approach",lung,Percutaneous Endoscopic Approach
0BBL0ZZ,"Excision of Left Lung, Open Approach",lung,Open Approach
0BBL4ZZ,"Excision of Left Lung, Percutaneous Endoscopic Approach",lung,Percutaneous Endoscopic Approach
0BBM0ZZ,"Excision of Bilateral Lungs, Open Approach",lung,Open Approach
0BBM4ZZ,"Excision of Bilateral Lungs, Percutaneous Endoscopic Approach",lung,Percutaneous Endoscopic Approach
0BBN0ZZ,"Excision of Right Pleura, Open Approach",lung,Open Approach
0BBN4ZZ,"Excision of Right Pleura, Percutaneous Endoscopic Approach",lung,Percutaneous Endoscopic Approach
0BBP0ZZ,"Excision of Left Pleura, Open Approach",lung,Open Approach
0BBP4ZZ,"Excision of Left Pleura, Percutaneous Endoscopic Approach",lung,Percutaneous Endoscopic Approach
0BBR0ZZ,NA,lung,NA
0BBR4ZZ,NA,lung,NA
0BBS0ZZ,NA,lung,NA
0BBS4ZZ,NA,lung,NA
0BBT0ZZ,"Excision of Diaphragm, Open Approach",lung,Open Approach
0BBT4ZZ,"Excision of Diaphragm, Percutaneous Endoscopic Approach",lung,Percutaneous Endoscopic Approach
0BDN0ZZ,"Extraction of Right Pleura, Open Approach",lung,Open Approach
0BDN4ZZ,"Extraction of Right Pleura, Percutaneous Endoscopic Approach",lung,Percutaneous Endoscopic Approach
0BDP0ZZ,"Extraction of Left Pleura, Open Approach",lung,Open Approach
0BDP4ZZ,"Extraction of Left Pleura, Percutaneous Endoscopic Approach",lung,Percutaneous Endoscopic Approach
0BT10ZZ,"Resection of Trachea, Open Approach",lung,Open Approach
0BT14ZZ,"Resection of Trachea, Percutaneous Endoscopic Approach",lung,Percutaneous Endoscopic Approach
0BT20ZZ,"Resection of Carina, Open Approach",lung,Open Approach
0BT24ZZ,"Resection of Carina, Percutaneous Endoscopic Approach",lung,Percutaneous Endoscopic Approach
0BT30ZZ,"Resection of Right Main Bronchus, Open Approach",lung,Open Approach
0BT34ZZ,"Resection of Right Main Bronchus, Percutaneous Endoscopic Approach",lung,Percutaneous Endoscopic Approach
0BT40ZZ,"Resection of Right Upper Lobe Bronchus, Open Approach",lung,Open Approach
0BT44ZZ,"Resection of Right Upper Lobe Bronchus, Percutaneous Endoscopic Approach",lung,Percutaneous Endoscopic Approach
0BT50ZZ,"Resection of Right Middle Lobe Bronchus, Open Approach",lung,Open Approach
0BT54ZZ,"Resection of Right Middle Lobe Bronchus, Percutaneous Endoscopic Approach",lung,Percutaneous Endoscopic Approach
0BT60ZZ,"Resection of Right Lower Lobe Bronchus, Open Approach",lung,Open Approach
0BT64ZZ,"Resection of Right Lower Lobe Bronchus, Percutaneous Endoscopic Approach",lung,Percutaneous Endoscopic Approach
0BT70ZZ,"Resection of Left Main Bronchus, Open Approach",lung,Open Approach
0BT74ZZ,"Resection of Left Main Bronchus, Percutaneous Endoscopic Approach",lung,Percutaneous Endoscopic Approach
0BT80ZZ,"Resection of Left Upper Lobe Bronchus, Open Approach",lung,Open Approach
0BT84ZZ,"Resection of Left Upper Lobe Bronchus, Percutaneous Endoscopic Approach",lung,Percutaneous Endoscopic Approach
0BT90ZZ,"Resection of Lingula Bronchus, Open Approach",lung,Open Approach
0BT94ZZ,"Resection of Lingula Bronchus, Percutaneous Endoscopic Approach",lung,Percutaneous Endoscopic Approach
0BTB0ZZ,"Resection of Left Lower Lobe Bronchus, Open Approach",lung,Open Approach
0BTB4ZZ,"Resection of Left Lower Lobe Bronchus, Percutaneous Endoscopic Approach",lung,Percutaneous Endoscopic Approach
0BTC0ZZ,"Resection of Right Upper Lung Lobe, Open Approach",lung,Open Approach
0BTC4ZZ,"Resection of Right Upper Lung Lobe, Percutaneous Endoscopic Approach",lung,Percutaneous Endoscopic Approach
0BTD0ZZ,"Resection of Right Middle Lung Lobe, Open Approach",lung,Open Approach
0BTD4ZZ,"Resection of Right Middle Lung Lobe, Percutaneous Endoscopic Approach",lung,Percutaneous Endoscopic Approach
0BTF0ZZ,"Resection of Right Lower Lung Lobe, Open Approach",lung,Open Approach
0BTF4ZZ,"Resection of Right Lower Lung Lobe, Percutaneous Endoscopic Approach",lung,Percutaneous Endoscopic Approach
0BTG0ZZ,"Resection of Left Upper Lung Lobe, Open Approach",lung,Open Approach
0BTG4ZZ,"Resection of Left Upper Lung Lobe, Percutaneous Endoscopic Approach",lung,Percutaneous Endoscopic Approach
0BTH0ZZ,"Resection of Lung Lingula, Open Approach",lung,Open Approach
0BTH4ZZ,"Resection of Lung Lingula, Percutaneous Endoscopic Approach",lung,Percutaneous Endoscopic Approach
0BTJ0ZZ,"Resection of Left Lower Lung Lobe, Open Approach",lung,Open Approach
0BTJ4ZZ,"Resection of Left Lower Lung Lobe, Percutaneous Endoscopic Approach",lung,Percutaneous Endoscopic Approach
0BTK0ZZ,"Resection of Right Lung, Open Approach",lung,Open Approach
0BTK4ZZ,"Resection of Right Lung, Percutaneous Endoscopic Approach",lung,Percutaneous Endoscopic Approach
0BTL0ZZ,"Resection of Left Lung, Open Approach",lung,Open Approach
0BTL4ZZ,"Resection of Left Lung, Percutaneous Endoscopic Approach",lung,Percutaneous Endoscopic Approach
0BTM0ZZ,"Resection of Bilateral Lungs, Open Approach",lung,Open Approach
0BTM4ZZ,"Resection of Bilateral Lungs, Percutaneous Endoscopic Approach",lung,Percutaneous Endoscopic Approach
0BTR0ZZ,NA,lung,NA
0BTR4ZZ,NA,lung,NA
0BTS0ZZ,NA,lung,NA
0BTS4ZZ,NA,lung,NA
0BTT0ZZ,"Resection of Diaphragm, Open Approach",lung,Open Approach
0BTT4ZZ,"Resection of Diaphragm, Percutaneous Endoscopic Approach",lung,Percutaneous Endoscopic Approach
07B10ZX,"Excision of Right Neck Lymphatic, Open Approach, Diagnostic",neckDissection,Open Approach
07B10ZZ,"Excision of Right Neck Lymphatic, Open Approach",neckDissection,Open Approach
07B13ZX,"Excision of Right Neck Lymphatic, Percutaneous Approach, Diagnostic",neckDissection,Percutaneous Approach
07B13ZZ,"Excision of Right Neck Lymphatic, Percutaneous Approach",neckDissection,Percutaneous Approach
07B14ZX,"Excision of Right Neck Lymphatic, Percutaneous Endoscopic Approach, Diagnostic",neckDissection,Percutaneous Endoscopic Approach
07B14ZZ,"Excision of Right Neck Lymphatic, Percutaneous Endoscopic Approach",neckDissection,Percutaneous Endoscopic Approach
07B20ZX,"Excision of Left Neck Lymphatic, Open Approach, Diagnostic",neckDissection,Open Approach
07B20ZZ,"Excision of Left Neck Lymphatic, Open Approach",neckDissection,Open Approach
07B23ZX,"Excision of Left Neck Lymphatic, Percutaneous Approach, Diagnostic",neckDissection,Percutaneous Approach
07B23ZZ,"Excision of Left Neck Lymphatic, Percutaneous Approach",neckDissection,Percutaneous Approach
07B24ZX,"Excision of Left Neck Lymphatic, Percutaneous Endoscopic Approach, Diagnostic",neckDissection,Percutaneous Endoscopic Approach
07B24ZZ,"Excision of Left Neck Lymphatic, Percutaneous Endoscopic Approach",neckDissection,Percutaneous Endoscopic Approach
07T10ZZ,"Resection of Right Neck Lymphatic, Open Approach",neckDissection,Open Approach
07T14ZZ,"Resection of Right Neck Lymphatic, Percutaneous Endoscopic Approach",neckDissection,Percutaneous Endoscopic Approach
00NY4ZZ,"Release Lumbar Spinal Cord, Percutaneous Endoscopic Approach",spineDecompression,Percutaneous Endoscopic Approach
01NB0ZZ,"Release Lumbar Nerve, Open Approach",spineDecompression,Open Approach
01NB3ZZ,"Release Lumbar Nerve, Percutaneous Approach",spineDecompression,Percutaneous Approach
01NB4ZZ,"Release Lumbar Nerve, Percutaneous Endoscopic Approach",spineDecompression,Percutaneous Endoscopic Approach
0Q9000Z,"Drainage of Lumbar Vertebra with Drainage Device, Open Approach",spineDecompression,Open Approach
0Q900ZZ,"Drainage of Lumbar Vertebra, Open Approach",spineDecompression,Open Approach
0Q9030Z,"Drainage of Lumbar Vertebra with Drainage Device, Percutaneous Approach",spineDecompression,Percutaneous Approach
0Q903ZZ,"Drainage of Lumbar Vertebra, Percutaneous Approach",spineDecompression,Percutaneous Approach
0Q9040Z,"Drainage of Lumbar Vertebra with Drainage Device, Percutaneous Endoscopic Approach",spineDecompression,Percutaneous Endoscopic Approach
0Q904ZZ,"Drainage of Lumbar Vertebra, Percutaneous Endoscopic Approach",spineDecompression,Percutaneous Endoscopic Approach
0QB00ZZ,"Excision of Lumbar Vertebra, Open Approach",spineDecompression,Open Approach
0QB03ZZ,"Excision of Lumbar Vertebra, Percutaneous Approach",spineDecompression,Percutaneous Approach
0QB04ZZ,"Excision of Lumbar Vertebra, Percutaneous Endoscopic Approach",spineDecompression,Percutaneous Endoscopic Approach
0QN00ZZ,"Release Lumbar Vertebra, Open Approach",spineDecompression,Open Approach
0QN03ZZ,"Release Lumbar Vertebra, Percutaneous Approach",spineDecompression,Percutaneous Approach
0QN04ZZ,"Release Lumbar Vertebra, Percutaneous Endoscopic Approach",spineDecompression,Percutaneous Endoscopic Approach
0RBA0ZZ,"Excision of Thoracolumbar Vertebral Joint, Open Approach",spineDecompression,Open Approach
0RBA3ZZ,"Excision of Thoracolumbar Vertebral Joint, Percutaneous Approach",spineDecompression,Percutaneous Approach
0RBA4ZZ,"Excision of Thoracolumbar Vertebral Joint, Percutaneous Endoscopic Approach",spineDecompression,Percutaneous Endoscopic Approach
0RBB0ZZ,"Excision of Thoracolumbar Vertebral Disc, Open Approach",spineDecompression,Open Approach
0RBB3ZZ,"Excision of Thoracolumbar Vertebral Disc, Percutaneous Approach",spineDecompression,Percutaneous Approach
0RBB4ZZ,"Excision of Thoracolumbar Vertebral Disc, Percutaneous Endoscopic Approach",spineDecompression,Percutaneous Endoscopic Approach
0RTB0ZZ,"Resection of Thoracolumbar Vertebral Disc, Open Approach",spineDecompression,Open Approach
0SB00ZZ,"Excision of Lumbar Vertebral Joint, Open Approach",spineDecompression,Open Approach
0SB03ZZ,"Excision of Lumbar Vertebral Joint, Percutaneous Approach",spineDecompression,Percutaneous Approach
0SB04ZZ,"Excision of Lumbar Vertebral Joint, Percutaneous Endoscopic Approach",spineDecompression,Percutaneous Endoscopic Approach
0SB20ZZ,"Excision of Lumbar Vertebral Disc, Open Approach",spineDecompression,Open Approach
0SB23ZZ,"Excision of Lumbar Vertebral Disc, Percutaneous Approach",spineDecompression,Percutaneous Approach
0SB24ZZ,"Excision of Lumbar Vertebral Disc, Percutaneous Endoscopic Approach",spineDecompression,Percutaneous Endoscopic Approach
0SB30ZZ,"Excision of Lumbosacral Joint, Open Approach",spineDecompression,Open Approach
0SB33ZZ,"Excision of Lumbosacral Joint, Percutaneous Approach",spineDecompression,Percutaneous Approach
0SB34ZZ,"Excision of Lumbosacral Joint, Percutaneous Endoscopic Approach",spineDecompression,Percutaneous Endoscopic Approach
0SB40ZZ,"Excision of Lumbosacral Disc, Open Approach",spineDecompression,Open Approach
0SB43ZZ,"Excision of Lumbosacral Disc, Percutaneous Approach",spineDecompression,Percutaneous Approach
0SB44ZZ,"Excision of Lumbosacral Disc, Percutaneous Endoscopic Approach",spineDecompression,Percutaneous Endoscopic Approach
0ST20ZZ,"Resection of Lumbar Vertebral Disc, Open Approach",spineDecompression,Open Approach
0ST40ZZ,"Resection of Lumbosacral Disc, Open Approach",spineDecompression,Open Approach
00NY0ZZ,"Release Lumbar Spinal Cord, Open Approach",spineFusion,Open Approach
00NY3ZZ,"Release Lumbar Spinal Cord, Percutaneous Approach",spineFusion,Percutaneous Approach
0RG0070,"Fusion of Occipital-cervical Joint with Autologous Tissue Substitute, Anterior Approach, Anterior Column, Open Approach",spineFusion,Open Approach
0RG0071,"Fusion of Occipital-cervical Joint with Autologous Tissue Substitute, Posterior Approach, Posterior Column, Open Approach",spineFusion,Open Approach
0RG007J,"Fusion of Occipital-cervical Joint with Autologous Tissue Substitute, Posterior Approach, Anterior Column, Open Approach",spineFusion,Open Approach
0RG00A0,"Fusion of Occipital-cervical Joint with Interbody Fusion Device, Anterior Approach, Anterior Column, Open Approach",spineFusion,Open Approach
0RG00A1,NA,spineFusion,NA
0RG00AJ,"Fusion of Occipital-cervical Joint with Interbody Fusion Device, Posterior Approach, Anterior Column, Open Approach",spineFusion,Open Approach
0RG00J0,"Fusion of Occipital-cervical Joint with Synthetic Substitute, Anterior Approach, Anterior Column, Open Approach",spineFusion,Open Approach
0RG00J1,"Fusion of Occipital-cervical Joint with Synthetic Substitute, Posterior Approach, Posterior Column, Open Approach",spineFusion,Open Approach
0RG00JJ,"Fusion of Occipital-cervical Joint with Synthetic Substitute, Posterior Approach, Anterior Column, Open Approach",spineFusion,Open Approach
0RG00K0,"Fusion of Occipital-cervical Joint with Nonautologous Tissue Substitute, Anterior Approach, Anterior Column, Open Approach",spineFusion,Open Approach
0RG00K1,"Fusion of Occipital-cervical Joint with Nonautologous Tissue Substitute, Posterior Approach, Posterior Column, Open Approach",spineFusion,Open Approach
0RG00KJ,"Fusion of Occipital-cervical Joint with Nonautologous Tissue Substitute, Posterior Approach, Anterior Column, Open Approach",spineFusion,Open Approach
0RG00Z0,"Fusion of Occipital-cervical Joint, Anterior Approach, Anterior Column, Open Approach",spineFusion,Open Approach
0RG00Z1,"Fusion of Occipital-cervical Joint, Posterior Approach, Posterior Column, Open Approach",spineFusion,Open Approach
0RG00ZJ,"Fusion of Occipital-cervical Joint, Posterior Approach, Anterior Column, Open Approach",spineFusion,Open Approach
0RG0370,"Fusion of Occipital-cervical Joint with Autologous Tissue Substitute, Anterior Approach, Anterior Column, Percutaneous Approach",spineFusion,Percutaneous Approach
0RG0371,"Fusion of Occipital-cervical Joint with Autologous Tissue Substitute, Posterior Approach, Posterior Column, Percutaneous Approach",spineFusion,Percutaneous Approach
0RG037J,"Fusion of Occipital-cervical Joint with Autologous Tissue Substitute, Posterior Approach, Anterior Column, Percutaneous Approach",spineFusion,Percutaneous Approach
0RG03A0,"Fusion of Occipital-cervical Joint with Interbody Fusion Device, Anterior Approach, Anterior Column, Percutaneous Approach",spineFusion,Percutaneous Approach
0RG03A1,NA,spineFusion,NA
0RG03AJ,"Fusion of Occipital-cervical Joint with Interbody Fusion Device, Posterior Approach, Anterior Column, Percutaneous Approach",spineFusion,Percutaneous Approach
0RG03J0,"Fusion of Occipital-cervical Joint with Synthetic Substitute, Anterior Approach, Anterior Column, Percutaneous Approach",spineFusion,Percutaneous Approach
0RG03J1,"Fusion of Occipital-cervical Joint with Synthetic Substitute, Posterior Approach, Posterior Column, Percutaneous Approach",spineFusion,Percutaneous Approach
0RG03JJ,"Fusion of Occipital-cervical Joint with Synthetic Substitute, Posterior Approach, Anterior Column, Percutaneous Approach",spineFusion,Percutaneous Approach
0RG03K0,"Fusion of Occipital-cervical Joint with Nonautologous Tissue Substitute, Anterior Approach, Anterior Column, Percutaneous Approach",spineFusion,Percutaneous Approach
0RG03K1,"Fusion of Occipital-cervical Joint with Nonautologous Tissue Substitute, Posterior Approach, Posterior Column, Percutaneous Approach",spineFusion,Percutaneous Approach
0RG03KJ,"Fusion of Occipital-cervical Joint with Nonautologous Tissue Substitute, Posterior Approach, Anterior Column, Percutaneous Approach",spineFusion,Percutaneous Approach
0RG03Z0,"Fusion of Occipital-cervical Joint, Anterior Approach, Anterior Column, Percutaneous Approach",spineFusion,Percutaneous Approach
0RG03Z1,"Fusion of Occipital-cervical Joint, Posterior Approach, Posterior Column, Percutaneous Approach",spineFusion,Percutaneous Approach
0RG03ZJ,"Fusion of Occipital-cervical Joint, Posterior Approach, Anterior Column, Percutaneous Approach",spineFusion,Percutaneous Approach
0RG0470,"Fusion of Occipital-cervical Joint with Autologous Tissue Substitute, Anterior Approach, Anterior Column, Percutaneous Endoscopic Approach",spineFusion,Percutaneous Endoscopic Approach
0RG0471,"Fusion of Occipital-cervical Joint with Autologous Tissue Substitute, Posterior Approach, Posterior Column, Percutaneous Endoscopic Approach",spineFusion,Percutaneous Endoscopic Approach
0RG047J,"Fusion of Occipital-cervical Joint with Autologous Tissue Substitute, Posterior Approach, Anterior Column, Percutaneous Endoscopic Approach",spineFusion,Percutaneous Endoscopic Approach
0RG04A0,"Fusion of Occipital-cervical Joint with Interbody Fusion Device, Anterior Approach, Anterior Column, Percutaneous Endoscopic Approach",spineFusion,Percutaneous Endoscopic Approach
0RG04A1,NA,spineFusion,NA
0RG04AJ,"Fusion of Occipital-cervical Joint with Interbody Fusion Device, Posterior Approach, Anterior Column, Percutaneous Endoscopic Approach",spineFusion,Percutaneous Endoscopic Approach
0RG04J0,"Fusion of Occipital-cervical Joint with Synthetic Substitute, Anterior Approach, Anterior Column, Percutaneous Endoscopic Approach",spineFusion,Percutaneous Endoscopic Approach
0RG04J1,"Fusion of Occipital-cervical Joint with Synthetic Substitute, Posterior Approach, Posterior Column, Percutaneous Endoscopic Approach",spineFusion,Percutaneous Endoscopic Approach
0RG04JJ,"Fusion of Occipital-cervical Joint with Synthetic Substitute, Posterior Approach, Anterior Column, Percutaneous Endoscopic Approach",spineFusion,Percutaneous Endoscopic Approach
0RG04K0,"Fusion of Occipital-cervical Joint with Nonautologous Tissue Substitute, Anterior Approach, Anterior Column, Percutaneous Endoscopic Approach",spineFusion,Percutaneous Endoscopic Approach
0RG04K1,"Fusion of Occipital-cervical Joint with Nonautologous Tissue Substitute, Posterior Approach, Posterior Column, Percutaneous Endoscopic Approach",spineFusion,Percutaneous Endoscopic Approach
0RG04KJ,"Fusion of Occipital-cervical Joint with Nonautologous Tissue Substitute, Posterior Approach, Anterior Column, Percutaneous Endoscopic Approach",spineFusion,Percutaneous Endoscopic Approach
0RG04Z0,"Fusion of Occipital-cervical Joint, Anterior Approach, Anterior Column, Percutaneous Endoscopic Approach",spineFusion,Percutaneous Endoscopic Approach
0RG04Z1,"Fusion of Occipital-cervical Joint, Posterior Approach, Posterior Column, Percutaneous Endoscopic Approach",spineFusion,Percutaneous Endoscopic Approach
0RG04ZJ,"Fusion of Occipital-cervical Joint, Posterior Approach, Anterior Column, Percutaneous Endoscopic Approach",spineFusion,Percutaneous Endoscopic Approach
0RG1070,"Fusion of Cervical Vertebral Joint with Autologous Tissue Substitute, Anterior Approach, Anterior Column, Open Approach",spineFusion,Open Approach
0RG1071,"Fusion of Cervical Vertebral Joint with Autologous Tissue Substitute, Posterior Approach, Posterior Column, Open Approach",spineFusion,Open Approach
0RG107J,"Fusion of Cervical Vertebral Joint with Autologous Tissue Substitute, Posterior Approach, Anterior Column, Open Approach",spineFusion,Open Approach
0RG10A0,"Fusion of Cervical Vertebral Joint with Interbody Fusion Device, Anterior Approach, Anterior Column, Open Approach",spineFusion,Open Approach
0RG10A1,NA,spineFusion,NA
0RG10AJ,"Fusion of Cervical Vertebral Joint with Interbody Fusion Device, Posterior Approach, Anterior Column, Open Approach",spineFusion,Open Approach
0RG10J0,"Fusion of Cervical Vertebral Joint with Synthetic Substitute, Anterior Approach, Anterior Column, Open Approach",spineFusion,Open Approach
0RG10J1,"Fusion of Cervical Vertebral Joint with Synthetic Substitute, Posterior Approach, Posterior Column, Open Approach",spineFusion,Open Approach
0RG10JJ,"Fusion of Cervical Vertebral Joint with Synthetic Substitute, Posterior Approach, Anterior Column, Open Approach",spineFusion,Open Approach
0RG10K0,"Fusion of Cervical Vertebral Joint with Nonautologous Tissue Substitute, Anterior Approach, Anterior Column, Open Approach",spineFusion,Open Approach
0RG10K1,"Fusion of Cervical Vertebral Joint with Nonautologous Tissue Substitute, Posterior Approach, Posterior Column, Open Approach",spineFusion,Open Approach
0RG10KJ,"Fusion of Cervical Vertebral Joint with Nonautologous Tissue Substitute, Posterior Approach, Anterior Column, Open Approach",spineFusion,Open Approach
0RG10Z0,"Fusion of Cervical Vertebral Joint, Anterior Approach, Anterior Column, Open Approach",spineFusion,Open Approach
0RG10Z1,"Fusion of Cervical Vertebral Joint, Posterior Approach, Posterior Column, Open Approach",spineFusion,Open Approach
0RG10ZJ,"Fusion of Cervical Vertebral Joint, Posterior Approach, Anterior Column, Open Approach",spineFusion,Open Approach
0RG1370,"Fusion of Cervical Vertebral Joint with Autologous Tissue Substitute, Anterior Approach, Anterior Column, Percutaneous Approach",spineFusion,Percutaneous Approach
0RG1371,"Fusion of Cervical Vertebral Joint with Autologous Tissue Substitute, Posterior Approach, Posterior Column, Percutaneous Approach",spineFusion,Percutaneous Approach
0RG137J,"Fusion of Cervical Vertebral Joint with Autologous Tissue Substitute, Posterior Approach, Anterior Column, Percutaneous Approach",spineFusion,Percutaneous Approach
0RG13A0,"Fusion of Cervical Vertebral Joint with Interbody Fusion Device, Anterior Approach, Anterior Column, Percutaneous Approach",spineFusion,Percutaneous Approach
0RG13A1,NA,spineFusion,NA
0RG13AJ,"Fusion of Cervical Vertebral Joint with Interbody Fusion Device, Posterior Approach, Anterior Column, Percutaneous Approach",spineFusion,Percutaneous Approach
0RG13J0,"Fusion of Cervical Vertebral Joint with Synthetic Substitute, Anterior Approach, Anterior Column, Percutaneous Approach",spineFusion,Percutaneous Approach
0RG13J1,"Fusion of Cervical Vertebral Joint with Synthetic Substitute, Posterior Approach, Posterior Column, Percutaneous Approach",spineFusion,Percutaneous Approach
0RG13JJ,"Fusion of Cervical Vertebral Joint with Synthetic Substitute, Posterior Approach, Anterior Column, Percutaneous Approach",spineFusion,Percutaneous Approach
0RG13K0,"Fusion of Cervical Vertebral Joint with Nonautologous Tissue Substitute, Anterior Approach, Anterior Column, Percutaneous Approach",spineFusion,Percutaneous Approach
0RG13K1,"Fusion of Cervical Vertebral Joint with Nonautologous Tissue Substitute, Posterior Approach, Posterior Column, Percutaneous Approach",spineFusion,Percutaneous Approach
0RG13KJ,"Fusion of Cervical Vertebral Joint with Nonautologous Tissue Substitute, Posterior Approach, Anterior Column, Percutaneous Approach",spineFusion,Percutaneous Approach
0RG13Z0,"Fusion of Cervical Vertebral Joint, Anterior Approach, Anterior Column, Percutaneous Approach",spineFusion,Percutaneous Approach
0RG13Z1,"Fusion of Cervical Vertebral Joint, Posterior Approach, Posterior Column, Percutaneous Approach",spineFusion,Percutaneous Approach
0RG13ZJ,"Fusion of Cervical Vertebral Joint, Posterior Approach, Anterior Column, Percutaneous Approach",spineFusion,Percutaneous Approach
0RG1470,"Fusion of Cervical Vertebral Joint with Autologous Tissue Substitute, Anterior Approach, Anterior Column, Percutaneous Endoscopic Approach",spineFusion,Percutaneous Endoscopic Approach
0RG1471,"Fusion of Cervical Vertebral Joint with Autologous Tissue Substitute, Posterior Approach, Posterior Column, Percutaneous Endoscopic Approach",spineFusion,Percutaneous Endoscopic Approach
0RG147J,"Fusion of Cervical Vertebral Joint with Autologous Tissue Substitute, Posterior Approach, Anterior Column, Percutaneous Endoscopic Approach",spineFusion,Percutaneous Endoscopic Approach
0RG14A0,"Fusion of Cervical Vertebral Joint with Interbody Fusion Device, Anterior Approach, Anterior Column, Percutaneous Endoscopic Approach",spineFusion,Percutaneous Endoscopic Approach
0RG14A1,NA,spineFusion,NA
0RG14AJ,"Fusion of Cervical Vertebral Joint with Interbody Fusion Device, Posterior Approach, Anterior Column, Percutaneous Endoscopic Approach",spineFusion,Percutaneous Endoscopic Approach
0RG14J0,"Fusion of Cervical Vertebral Joint with Synthetic Substitute, Anterior Approach, Anterior Column, Percutaneous Endoscopic Approach",spineFusion,Percutaneous Endoscopic Approach
0RG14J1,"Fusion of Cervical Vertebral Joint with Synthetic Substitute, Posterior Approach, Posterior Column, Percutaneous Endoscopic Approach",spineFusion,Percutaneous Endoscopic Approach
0RG14JJ,"Fusion of Cervical Vertebral Joint with Synthetic Substitute, Posterior Approach, Anterior Column, Percutaneous Endoscopic Approach",spineFusion,Percutaneous Endoscopic Approach
0RG14K0,"Fusion of Cervical Vertebral Joint with Nonautologous Tissue Substitute, Anterior Approach, Anterior Column, Percutaneous Endoscopic Approach",spineFusion,Percutaneous Endoscopic Approach
0RG14K1,"Fusion of Cervical Vertebral Joint with Nonautologous Tissue Substitute, Posterior Approach, Posterior Column, Percutaneous Endoscopic Approach",spineFusion,Percutaneous Endoscopic Approach
0RG14KJ,"Fusion of Cervical Vertebral Joint with Nonautologous Tissue Substitute, Posterior Approach, Anterior Column, Percutaneous Endoscopic Approach",spineFusion,Percutaneous Endoscopic Approach
0RG14Z0,"Fusion of Cervical Vertebral Joint, Anterior Approach, Anterior Column, Percutaneous Endoscopic Approach",spineFusion,Percutaneous Endoscopic Approach
0RG14Z1,"Fusion of Cervical Vertebral Joint, Posterior Approach, Posterior Column, Percutaneous Endoscopic Approach",spineFusion,Percutaneous Endoscopic Approach
0RG14ZJ,"Fusion of Cervical Vertebral Joint, Posterior Approach, Anterior Column, Percutaneous Endoscopic Approach",spineFusion,Percutaneous Endoscopic Approach
0RG2070,"Fusion of 2 or more Cervical Vertebral Joints with Autologous Tissue Substitute, Anterior Approach, Anterior Column, Open Approach",spineFusion,Open Approach
0RG2071,"Fusion of 2 or more Cervical Vertebral Joints with Autologous Tissue Substitute, Posterior Approach, Posterior Column, Open Approach",spineFusion,Open Approach
0RG207J,"Fusion of 2 or more Cervical Vertebral Joints with Autologous Tissue Substitute, Posterior Approach, Anterior Column, Open Approach",spineFusion,Open Approach
0RG20A0,"Fusion of 2 or more Cervical Vertebral Joints with Interbody Fusion Device, Anterior Approach, Anterior Column, Open Approach",spineFusion,Open Approach
0RG20A1,NA,spineFusion,NA
0RG20AJ,"Fusion of 2 or more Cervical Vertebral Joints with Interbody Fusion Device, Posterior Approach, Anterior Column, Open Approach",spineFusion,Open Approach
0RG20J0,"Fusion of 2 or more Cervical Vertebral Joints with Synthetic Substitute, Anterior Approach, Anterior Column, Open Approach",spineFusion,Open Approach
0RG20J1,"Fusion of 2 or more Cervical Vertebral Joints with Synthetic Substitute, Posterior Approach, Posterior Column, Open Approach",spineFusion,Open Approach
0RG20JJ,"Fusion of 2 or more Cervical Vertebral Joints with Synthetic Substitute, Posterior Approach, Anterior Column, Open Approach",spineFusion,Open Approach
0RG20K0,"Fusion of 2 or more Cervical Vertebral Joints with Nonautologous Tissue Substitute, Anterior Approach, Anterior Column, Open Approach",spineFusion,Open Approach
0RG20K1,"Fusion of 2 or more Cervical Vertebral Joints with Nonautologous Tissue Substitute, Posterior Approach, Posterior Column, Open Approach",spineFusion,Open Approach
0RG20KJ,"Fusion of 2 or more Cervical Vertebral Joints with Nonautologous Tissue Substitute, Posterior Approach, Anterior Column, Open Approach",spineFusion,Open Approach
0RG20Z0,"Fusion of 2 or more Cervical Vertebral Joints, Anterior Approach, Anterior Column, Open Approach",spineFusion,Open Approach
0RG20Z1,"Fusion of 2 or more Cervical Vertebral Joints, Posterior Approach, Posterior Column, Open Approach",spineFusion,Open Approach
0RG20ZJ,"Fusion of 2 or more Cervical Vertebral Joints, Posterior Approach, Anterior Column, Open Approach",spineFusion,Open Approach
0RG2370,"Fusion of 2 or more Cervical Vertebral Joints with Autologous Tissue Substitute, Anterior Approach, Anterior Column, Percutaneous Approach",spineFusion,Percutaneous Approach
0RG2371,"Fusion of 2 or more Cervical Vertebral Joints with Autologous Tissue Substitute, Posterior Approach, Posterior Column, Percutaneous Approach",spineFusion,Percutaneous Approach
0RG237J,"Fusion of 2 or more Cervical Vertebral Joints with Autologous Tissue Substitute, Posterior Approach, Anterior Column, Percutaneous Approach",spineFusion,Percutaneous Approach
0RG23A0,"Fusion of 2 or more Cervical Vertebral Joints with Interbody Fusion Device, Anterior Approach, Anterior Column, Percutaneous Approach",spineFusion,Percutaneous Approach
0RG23A1,NA,spineFusion,NA
0RG23AJ,"Fusion of 2 or more Cervical Vertebral Joints with Interbody Fusion Device, Posterior Approach, Anterior Column, Percutaneous Approach",spineFusion,Percutaneous Approach
0RG23J0,"Fusion of 2 or more Cervical Vertebral Joints with Synthetic Substitute, Anterior Approach, Anterior Column, Percutaneous Approach",spineFusion,Percutaneous Approach
0RG23J1,"Fusion of 2 or more Cervical Vertebral Joints with Synthetic Substitute, Posterior Approach, Posterior Column, Percutaneous Approach",spineFusion,Percutaneous Approach
0RG23JJ,"Fusion of 2 or more Cervical Vertebral Joints with Synthetic Substitute, Posterior Approach, Anterior Column, Percutaneous Approach",spineFusion,Percutaneous Approach
0RG23K0,"Fusion of 2 or more Cervical Vertebral Joints with Nonautologous Tissue Substitute, Anterior Approach, Anterior Column, Percutaneous Approach",spineFusion,Percutaneous Approach
0RG23K1,"Fusion of 2 or more Cervical Vertebral Joints with Nonautologous Tissue Substitute, Posterior Approach, Posterior Column, Percutaneous Approach",spineFusion,Percutaneous Approach
0RG23KJ,"Fusion of 2 or more Cervical Vertebral Joints with Nonautologous Tissue Substitute, Posterior Approach, Anterior Column, Percutaneous Approach",spineFusion,Percutaneous Approach
0RG23Z0,"Fusion of 2 or more Cervical Vertebral Joints, Anterior Approach, Anterior Column, Percutaneous Approach",spineFusion,Percutaneous Approach
0RG23Z1,"Fusion of 2 or more Cervical Vertebral Joints, Posterior Approach, Posterior Column, Percutaneous Approach",spineFusion,Percutaneous Approach
0RG23ZJ,"Fusion of 2 or more Cervical Vertebral Joints, Posterior Approach, Anterior Column, Percutaneous Approach",spineFusion,Percutaneous Approach
0RG2470,"Fusion of 2 or more Cervical Vertebral Joints with Autologous Tissue Substitute, Anterior Approach, Anterior Column, Percutaneous Endoscopic Approach",spineFusion,Percutaneous Endoscopic Approach
0RG2471,"Fusion of 2 or more Cervical Vertebral Joints with Autologous Tissue Substitute, Posterior Approach, Posterior Column, Percutaneous Endoscopic Approach",spineFusion,Percutaneous Endoscopic Approach
0RG247J,"Fusion of 2 or more Cervical Vertebral Joints with Autologous Tissue Substitute, Posterior Approach, Anterior Column, Percutaneous Endoscopic Approach",spineFusion,Percutaneous Endoscopic Approach
0RG24A0,"Fusion of 2 or more Cervical Vertebral Joints with Interbody Fusion Device, Anterior Approach, Anterior Column, Percutaneous Endoscopic Approach",spineFusion,Percutaneous Endoscopic Approach
0RG24A1,NA,spineFusion,NA
0RG24AJ,"Fusion of 2 or more Cervical Vertebral Joints with Interbody Fusion Device, Posterior Approach, Anterior Column, Percutaneous Endoscopic Approach",spineFusion,Percutaneous Endoscopic Approach
0RG24J0,"Fusion of 2 or more Cervical Vertebral Joints with Synthetic Substitute, Anterior Approach, Anterior Column, Percutaneous Endoscopic Approach",spineFusion,Percutaneous Endoscopic Approach
0RG24J1,"Fusion of 2 or more Cervical Vertebral Joints with Synthetic Substitute, Posterior Approach, Posterior Column, Percutaneous Endoscopic Approach",spineFusion,Percutaneous Endoscopic Approach
0RG24JJ,"Fusion of 2 or more Cervical Vertebral Joints with Synthetic Substitute, Posterior Approach, Anterior Column, Percutaneous Endoscopic Approach",spineFusion,Percutaneous Endoscopic Approach
0RG24K0,"Fusion of 2 or more Cervical Vertebral Joints with Nonautologous Tissue Substitute, Anterior Approach, Anterior Column, Percutaneous Endoscopic Approach",spineFusion,Percutaneous Endoscopic Approach
0RG24K1,"Fusion of 2 or more Cervical Vertebral Joints with Nonautologous Tissue Substitute, Posterior Approach, Posterior Column, Percutaneous Endoscopic Approach",spineFusion,Percutaneous Endoscopic Approach
0RG24KJ,"Fusion of 2 or more Cervical Vertebral Joints with Nonautologous Tissue Substitute, Posterior Approach, Anterior Column, Percutaneous Endoscopic Approach",spineFusion,Percutaneous Endoscopic Approach
0RG24Z0,"Fusion of 2 or more Cervical Vertebral Joints, Anterior Approach, Anterior Column, Percutaneous Endoscopic Approach",spineFusion,Percutaneous Endoscopic Approach
0RG24Z1,"Fusion of 2 or more Cervical Vertebral Joints, Posterior Approach, Posterior Column, Percutaneous Endoscopic Approach",spineFusion,Percutaneous Endoscopic Approach
0RG24ZJ,"Fusion of 2 or more Cervical Vertebral Joints, Posterior Approach, Anterior Column, Percutaneous Endoscopic Approach",spineFusion,Percutaneous Endoscopic Approach
0RG4070,"Fusion of Cervicothoracic Vertebral Joint with Autologous Tissue Substitute, Anterior Approach, Anterior Column, Open Approach",spineFusion,Open Approach
0RG4071,"Fusion of Cervicothoracic Vertebral Joint with Autologous Tissue Substitute, Posterior Approach, Posterior Column, Open Approach",spineFusion,Open Approach
0RG407J,"Fusion of Cervicothoracic Vertebral Joint with Autologous Tissue Substitute, Posterior Approach, Anterior Column, Open Approach",spineFusion,Open Approach
0RG40A0,"Fusion of Cervicothoracic Vertebral Joint with Interbody Fusion Device, Anterior Approach, Anterior Column, Open Approach",spineFusion,Open Approach
0RG40A1,NA,spineFusion,NA
0RG40AJ,"Fusion of Cervicothoracic Vertebral Joint with Interbody Fusion Device, Posterior Approach, Anterior Column, Open Approach",spineFusion,Open Approach
0RG40J0,"Fusion of Cervicothoracic Vertebral Joint with Synthetic Substitute, Anterior Approach, Anterior Column, Open Approach",spineFusion,Open Approach
0RG40J1,"Fusion of Cervicothoracic Vertebral Joint with Synthetic Substitute, Posterior Approach, Posterior Column, Open Approach",spineFusion,Open Approach
0RG40JJ,"Fusion of Cervicothoracic Vertebral Joint with Synthetic Substitute, Posterior Approach, Anterior Column, Open Approach",spineFusion,Open Approach
0RG40K0,"Fusion of Cervicothoracic Vertebral Joint with Nonautologous Tissue Substitute, Anterior Approach, Anterior Column, Open Approach",spineFusion,Open Approach
0RG40K1,"Fusion of Cervicothoracic Vertebral Joint with Nonautologous Tissue Substitute, Posterior Approach, Posterior Column, Open Approach",spineFusion,Open Approach
0RG40KJ,"Fusion of Cervicothoracic Vertebral Joint with Nonautologous Tissue Substitute, Posterior Approach, Anterior Column, Open Approach",spineFusion,Open Approach
0RG40Z0,"Fusion of Cervicothoracic Vertebral Joint, Anterior Approach, Anterior Column, Open Approach",spineFusion,Open Approach
0RG40Z1,"Fusion of Cervicothoracic Vertebral Joint, Posterior Approach, Posterior Column, Open Approach",spineFusion,Open Approach
0RG40ZJ,"Fusion of Cervicothoracic Vertebral Joint, Posterior Approach, Anterior Column, Open Approach",spineFusion,Open Approach
0RG4370,"Fusion of Cervicothoracic Vertebral Joint with Autologous Tissue Substitute, Anterior Approach, Anterior Column, Percutaneous Approach",spineFusion,Percutaneous Approach
0RG4371,"Fusion of Cervicothoracic Vertebral Joint with Autologous Tissue Substitute, Posterior Approach, Posterior Column, Percutaneous Approach",spineFusion,Percutaneous Approach
0RG437J,"Fusion of Cervicothoracic Vertebral Joint with Autologous Tissue Substitute, Posterior Approach, Anterior Column, Percutaneous Approach",spineFusion,Percutaneous Approach
0RG43A0,"Fusion of Cervicothoracic Vertebral Joint with Interbody Fusion Device, Anterior Approach, Anterior Column, Percutaneous Approach",spineFusion,Percutaneous Approach
0RG43A1,NA,spineFusion,NA
0RG43AJ,"Fusion of Cervicothoracic Vertebral Joint with Interbody Fusion Device, Posterior Approach, Anterior Column, Percutaneous Approach",spineFusion,Percutaneous Approach
0RG43J0,"Fusion of Cervicothoracic Vertebral Joint with Synthetic Substitute, Anterior Approach, Anterior Column, Percutaneous Approach",spineFusion,Percutaneous Approach
0RG43J1,"Fusion of Cervicothoracic Vertebral Joint with Synthetic Substitute, Posterior Approach, Posterior Column, Percutaneous Approach",spineFusion,Percutaneous Approach
0RG43JJ,"Fusion of Cervicothoracic Vertebral Joint with Synthetic Substitute, Posterior Approach, Anterior Column, Percutaneous Approach",spineFusion,Percutaneous Approach
0RG43K0,"Fusion of Cervicothoracic Vertebral Joint with Nonautologous Tissue Substitute, Anterior Approach, Anterior Column, Percutaneous Approach",spineFusion,Percutaneous Approach
0RG43K1,"Fusion of Cervicothoracic Vertebral Joint with Nonautologous Tissue Substitute, Posterior Approach, Posterior Column, Percutaneous Approach",spineFusion,Percutaneous Approach
0RG43KJ,"Fusion of Cervicothoracic Vertebral Joint with Nonautologous Tissue Substitute, Posterior Approach, Anterior Column, Percutaneous Approach",spineFusion,Percutaneous Approach
0RG43Z0,"Fusion of Cervicothoracic Vertebral Joint, Anterior Approach, Anterior Column, Percutaneous Approach",spineFusion,Percutaneous Approach
0RG43Z1,"Fusion of Cervicothoracic Vertebral Joint, Posterior Approach, Posterior Column, Percutaneous Approach",spineFusion,Percutaneous Approach
0RG43ZJ,"Fusion of Cervicothoracic Vertebral Joint, Posterior Approach, Anterior Column, Percutaneous Approach",spineFusion,Percutaneous Approach
0RG4470,"Fusion of Cervicothoracic Vertebral Joint with Autologous Tissue Substitute, Anterior Approach, Anterior Column, Percutaneous Endoscopic Approach",spineFusion,Percutaneous Endoscopic Approach
0RG4471,"Fusion of Cervicothoracic Vertebral Joint with Autologous Tissue Substitute, Posterior Approach, Posterior Column, Percutaneous Endoscopic Approach",spineFusion,Percutaneous Endoscopic Approach
0RG447J,"Fusion of Cervicothoracic Vertebral Joint with Autologous Tissue Substitute, Posterior Approach, Anterior Column, Percutaneous Endoscopic Approach",spineFusion,Percutaneous Endoscopic Approach
0RG44A0,"Fusion of Cervicothoracic Vertebral Joint with Interbody Fusion Device, Anterior Approach, Anterior Column, Percutaneous Endoscopic Approach",spineFusion,Percutaneous Endoscopic Approach
0RG44A1,NA,spineFusion,NA
0RG44AJ,"Fusion of Cervicothoracic Vertebral Joint with Interbody Fusion Device, Posterior Approach, Anterior Column, Percutaneous Endoscopic Approach",spineFusion,Percutaneous Endoscopic Approach
0RG44J0,"Fusion of Cervicothoracic Vertebral Joint with Synthetic Substitute, Anterior Approach, Anterior Column, Percutaneous Endoscopic Approach",spineFusion,Percutaneous Endoscopic Approach
0RG44J1,"Fusion of Cervicothoracic Vertebral Joint with Synthetic Substitute, Posterior Approach, Posterior Column, Percutaneous Endoscopic Approach",spineFusion,Percutaneous Endoscopic Approach
0RG44JJ,"Fusion of Cervicothoracic Vertebral Joint with Synthetic Substitute, Posterior Approach, Anterior Column, Percutaneous Endoscopic Approach",spineFusion,Percutaneous Endoscopic Approach
0RG44K0,"Fusion of Cervicothoracic Vertebral Joint with Nonautologous Tissue Substitute, Anterior Approach, Anterior Column, Percutaneous Endoscopic Approach",spineFusion,Percutaneous Endoscopic Approach
0RG44K1,"Fusion of Cervicothoracic Vertebral Joint with Nonautologous Tissue Substitute, Posterior Approach, Posterior Column, Percutaneous Endoscopic Approach",spineFusion,Percutaneous Endoscopic Approach
0RG44KJ,"Fusion of Cervicothoracic Vertebral Joint with Nonautologous Tissue Substitute, Posterior Approach, Anterior Column, Percutaneous Endoscopic Approach",spineFusion,Percutaneous Endoscopic Approach
0RG44Z0,"Fusion of Cervicothoracic Vertebral Joint, Anterior Approach, Anterior Column, Percutaneous Endoscopic Approach",spineFusion,Percutaneous Endoscopic Approach
0RG44Z1,"Fusion of Cervicothoracic Vertebral Joint, Posterior Approach, Posterior Column, Percutaneous Endoscopic Approach",spineFusion,Percutaneous Endoscopic Approach
0RG44ZJ,"Fusion of Cervicothoracic Vertebral Joint, Posterior Approach, Anterior Column, Percutaneous Endoscopic Approach",spineFusion,Percutaneous Endoscopic Approach
0RG6070,"Fusion of Thoracic Vertebral Joint with Autologous Tissue Substitute, Anterior Approach, Anterior Column, Open Approach",spineFusion,Open Approach
0RG6071,"Fusion of Thoracic Vertebral Joint with Autologous Tissue Substitute, Posterior Approach, Posterior Column, Open Approach",spineFusion,Open Approach
0RG607J,"Fusion of Thoracic Vertebral Joint with Autologous Tissue Substitute, Posterior Approach, Anterior Column, Open Approach",spineFusion,Open Approach
0RG60A0,"Fusion of Thoracic Vertebral Joint with Interbody Fusion Device, Anterior Approach, Anterior Column, Open Approach",spineFusion,Open Approach
0RG60A1,NA,spineFusion,NA
0RG60AJ,"Fusion of Thoracic Vertebral Joint with Interbody Fusion Device, Posterior Approach, Anterior Column, Open Approach",spineFusion,Open Approach
0RG60J0,"Fusion of Thoracic Vertebral Joint with Synthetic Substitute, Anterior Approach, Anterior Column, Open Approach",spineFusion,Open Approach
0RG60J1,"Fusion of Thoracic Vertebral Joint with Synthetic Substitute, Posterior Approach, Posterior Column, Open Approach",spineFusion,Open Approach
0RG60JJ,"Fusion of Thoracic Vertebral Joint with Synthetic Substitute, Posterior Approach, Anterior Column, Open Approach",spineFusion,Open Approach
0RG60K0,"Fusion of Thoracic Vertebral Joint with Nonautologous Tissue Substitute, Anterior Approach, Anterior Column, Open Approach",spineFusion,Open Approach
0RG60K1,"Fusion of Thoracic Vertebral Joint with Nonautologous Tissue Substitute, Posterior Approach, Posterior Column, Open Approach",spineFusion,Open Approach
0RG60KJ,"Fusion of Thoracic Vertebral Joint with Nonautologous Tissue Substitute, Posterior Approach, Anterior Column, Open Approach",spineFusion,Open Approach
0RG60Z0,"Fusion of Thoracic Vertebral Joint, Anterior Approach, Anterior Column, Open Approach",spineFusion,Open Approach
0RG60Z1,"Fusion of Thoracic Vertebral Joint, Posterior Approach, Posterior Column, Open Approach",spineFusion,Open Approach
0RG60ZJ,"Fusion of Thoracic Vertebral Joint, Posterior Approach, Anterior Column, Open Approach",spineFusion,Open Approach
0RG6370,"Fusion of Thoracic Vertebral Joint with Autologous Tissue Substitute, Anterior Approach, Anterior Column, Percutaneous Approach",spineFusion,Percutaneous Approach
0RG6371,"Fusion of Thoracic Vertebral Joint with Autologous Tissue Substitute, Posterior Approach, Posterior Column, Percutaneous Approach",spineFusion,Percutaneous Approach
0RG637J,"Fusion of Thoracic Vertebral Joint with Autologous Tissue Substitute, Posterior Approach, Anterior Column, Percutaneous Approach",spineFusion,Percutaneous Approach
0RG63A0,"Fusion of Thoracic Vertebral Joint with Interbody Fusion Device, Anterior Approach, Anterior Column, Percutaneous Approach",spineFusion,Percutaneous Approach
0RG63A1,NA,spineFusion,NA
0RG63AJ,"Fusion of Thoracic Vertebral Joint with Interbody Fusion Device, Posterior Approach, Anterior Column, Percutaneous Approach",spineFusion,Percutaneous Approach
0RG63J0,"Fusion of Thoracic Vertebral Joint with Synthetic Substitute, Anterior Approach, Anterior Column, Percutaneous Approach",spineFusion,Percutaneous Approach
0RG63J1,"Fusion of Thoracic Vertebral Joint with Synthetic Substitute, Posterior Approach, Posterior Column, Percutaneous Approach",spineFusion,Percutaneous Approach
0RG63JJ,"Fusion of Thoracic Vertebral Joint with Synthetic Substitute, Posterior Approach, Anterior Column, Percutaneous Approach",spineFusion,Percutaneous Approach
0RG63K0,"Fusion of Thoracic Vertebral Joint with Nonautologous Tissue Substitute, Anterior Approach, Anterior Column, Percutaneous Approach",spineFusion,Percutaneous Approach
0RG63K1,"Fusion of Thoracic Vertebral Joint with Nonautologous Tissue Substitute, Posterior Approach, Posterior Column, Percutaneous Approach",spineFusion,Percutaneous Approach
0RG63KJ,"Fusion of Thoracic Vertebral Joint with Nonautologous Tissue Substitute, Posterior Approach, Anterior Column, Percutaneous Approach",spineFusion,Percutaneous Approach
0RG63Z0,"Fusion of Thoracic Vertebral Joint, Anterior Approach, Anterior Column, Percutaneous Approach",spineFusion,Percutaneous Approach
0RG63Z1,"Fusion of Thoracic Vertebral Joint, Posterior Approach, Posterior Column, Percutaneous Approach",spineFusion,Percutaneous Approach
0RG63ZJ,"Fusion of Thoracic Vertebral Joint, Posterior Approach, Anterior Column, Percutaneous Approach",spineFusion,Percutaneous Approach
0RG6470,"Fusion of Thoracic Vertebral Joint with Autologous Tissue Substitute, Anterior Approach, Anterior Column, Percutaneous Endoscopic Approach",spineFusion,Percutaneous Endoscopic Approach
0RG6471,"Fusion of Thoracic Vertebral Joint with Autologous Tissue Substitute, Posterior Approach, Posterior Column, Percutaneous Endoscopic Approach",spineFusion,Percutaneous Endoscopic Approach
0RG647J,"Fusion of Thoracic Vertebral Joint with Autologous Tissue Substitute, Posterior Approach, Anterior Column, Percutaneous Endoscopic Approach",spineFusion,Percutaneous Endoscopic Approach
0RG64A0,"Fusion of Thoracic Vertebral Joint with Interbody Fusion Device, Anterior Approach, Anterior Column, Percutaneous Endoscopic Approach",spineFusion,Percutaneous Endoscopic Approach
0RG64A1,NA,spineFusion,NA
0RG64AJ,"Fusion of Thoracic Vertebral Joint with Interbody Fusion Device, Posterior Approach, Anterior Column, Percutaneous Endoscopic Approach",spineFusion,Percutaneous Endoscopic Approach
0RG64J0,"Fusion of Thoracic Vertebral Joint with Synthetic Substitute, Anterior Approach, Anterior Column, Percutaneous Endoscopic Approach",spineFusion,Percutaneous Endoscopic Approach
0RG64J1,"Fusion of Thoracic Vertebral Joint with Synthetic Substitute, Posterior Approach, Posterior Column, Percutaneous Endoscopic Approach",spineFusion,Percutaneous Endoscopic Approach
0RG64JJ,"Fusion of Thoracic Vertebral Joint with Synthetic Substitute, Posterior Approach, Anterior Column, Percutaneous Endoscopic Approach",spineFusion,Percutaneous Endoscopic Approach
0RG64K0,"Fusion of Thoracic Vertebral Joint with Nonautologous Tissue Substitute, Anterior Approach, Anterior Column, Percutaneous Endoscopic Approach",spineFusion,Percutaneous Endoscopic Approach
0RG64K1,"Fusion of Thoracic Vertebral Joint with Nonautologous Tissue Substitute, Posterior Approach, Posterior Column, Percutaneous Endoscopic Approach",spineFusion,Percutaneous Endoscopic Approach
0RG64KJ,"Fusion of Thoracic Vertebral Joint with Nonautologous Tissue Substitute, Posterior Approach, Anterior Column, Percutaneous Endoscopic Approach",spineFusion,Percutaneous Endoscopic Approach
0RG64Z0,"Fusion of Thoracic Vertebral Joint, Anterior Approach, Anterior Column, Percutaneous Endoscopic Approach",spineFusion,Percutaneous Endoscopic Approach
0RG64Z1,"Fusion of Thoracic Vertebral Joint, Posterior Approach, Posterior Column, Percutaneous Endoscopic Approach",spineFusion,Percutaneous Endoscopic Approach
0RG64ZJ,"Fusion of Thoracic Vertebral Joint, Posterior Approach, Anterior Column, Percutaneous Endoscopic Approach",spineFusion,Percutaneous Endoscopic Approach
0RG7070,"Fusion of 2 to 7 Thoracic Vertebral Joints with Autologous Tissue Substitute, Anterior Approach, Anterior Column, Open Approach",spineFusion,Open Approach
0RG7071,"Fusion of 2 to 7 Thoracic Vertebral Joints with Autologous Tissue Substitute, Posterior Approach, Posterior Column, Open Approach",spineFusion,Open Approach
0RG707J,"Fusion of 2 to 7 Thoracic Vertebral Joints with Autologous Tissue Substitute, Posterior Approach, Anterior Column, Open Approach",spineFusion,Open Approach
0RG70A0,"Fusion of 2 to 7 Thoracic Vertebral Joints with Interbody Fusion Device, Anterior Approach, Anterior Column, Open Approach",spineFusion,Open Approach
0RG70A1,NA,spineFusion,NA
0RG70AJ,"Fusion of 2 to 7 Thoracic Vertebral Joints with Interbody Fusion Device, Posterior Approach, Anterior Column, Open Approach",spineFusion,Open Approach
0RG70J0,"Fusion of 2 to 7 Thoracic Vertebral Joints with Synthetic Substitute, Anterior Approach, Anterior Column, Open Approach",spineFusion,Open Approach
0RG70J1,"Fusion of 2 to 7 Thoracic Vertebral Joints with Synthetic Substitute, Posterior Approach, Posterior Column, Open Approach",spineFusion,Open Approach
0RG70JJ,"Fusion of 2 to 7 Thoracic Vertebral Joints with Synthetic Substitute, Posterior Approach, Anterior Column, Open Approach",spineFusion,Open Approach
0RG70K0,"Fusion of 2 to 7 Thoracic Vertebral Joints with Nonautologous Tissue Substitute, Anterior Approach, Anterior Column, Open Approach",spineFusion,Open Approach
0RG70K1,"Fusion of 2 to 7 Thoracic Vertebral Joints with Nonautologous Tissue Substitute, Posterior Approach, Posterior Column, Open Approach",spineFusion,Open Approach
0RG70KJ,"Fusion of 2 to 7 Thoracic Vertebral Joints with Nonautologous Tissue Substitute, Posterior Approach, Anterior Column, Open Approach",spineFusion,Open Approach
0RG70Z0,"Fusion of 2 to 7 Thoracic Vertebral Joints, Anterior Approach, Anterior Column, Open Approach",spineFusion,Open Approach
0RG70Z1,"Fusion of 2 to 7 Thoracic Vertebral Joints, Posterior Approach, Posterior Column, Open Approach",spineFusion,Open Approach
0RG70ZJ,"Fusion of 2 to 7 Thoracic Vertebral Joints, Posterior Approach, Anterior Column, Open Approach",spineFusion,Open Approach
0RG7370,"Fusion of 2 to 7 Thoracic Vertebral Joints with Autologous Tissue Substitute, Anterior Approach, Anterior Column, Percutaneous Approach",spineFusion,Percutaneous Approach
0RG7371,"Fusion of 2 to 7 Thoracic Vertebral Joints with Autologous Tissue Substitute, Posterior Approach, Posterior Column, Percutaneous Approach",spineFusion,Percutaneous Approach
0RG737J,"Fusion of 2 to 7 Thoracic Vertebral Joints with Autologous Tissue Substitute, Posterior Approach, Anterior Column, Percutaneous Approach",spineFusion,Percutaneous Approach
0RG73A0,"Fusion of 2 to 7 Thoracic Vertebral Joints with Interbody Fusion Device, Anterior Approach, Anterior Column, Percutaneous Approach",spineFusion,Percutaneous Approach
0RG73A1,NA,spineFusion,NA
0RG73AJ,"Fusion of 2 to 7 Thoracic Vertebral Joints with Interbody Fusion Device, Posterior Approach, Anterior Column, Percutaneous Approach",spineFusion,Percutaneous Approach
0RG73J0,"Fusion of 2 to 7 Thoracic Vertebral Joints with Synthetic Substitute, Anterior Approach, Anterior Column, Percutaneous Approach",spineFusion,Percutaneous Approach
0RG73J1,"Fusion of 2 to 7 Thoracic Vertebral Joints with Synthetic Substitute, Posterior Approach, Posterior Column, Percutaneous Approach",spineFusion,Percutaneous Approach
0RG73JJ,"Fusion of 2 to 7 Thoracic Vertebral Joints with Synthetic Substitute, Posterior Approach, Anterior Column, Percutaneous Approach",spineFusion,Percutaneous Approach
0RG73K0,"Fusion of 2 to 7 Thoracic Vertebral Joints with Nonautologous Tissue Substitute, Anterior Approach, Anterior Column, Percutaneous Approach",spineFusion,Percutaneous Approach
0RG73K1,"Fusion of 2 to 7 Thoracic Vertebral Joints with Nonautologous Tissue Substitute, Posterior Approach, Posterior Column, Percutaneous Approach",spineFusion,Percutaneous Approach
0RG73KJ,"Fusion of 2 to 7 Thoracic Vertebral Joints with Nonautologous Tissue Substitute, Posterior Approach, Anterior Column, Percutaneous Approach",spineFusion,Percutaneous Approach
0RG73Z0,"Fusion of 2 to 7 Thoracic Vertebral Joints, Anterior Approach, Anterior Column, Percutaneous Approach",spineFusion,Percutaneous Approach
0RG73Z1,"Fusion of 2 to 7 Thoracic Vertebral Joints, Posterior Approach, Posterior Column, Percutaneous Approach",spineFusion,Percutaneous Approach
0RG73ZJ,"Fusion of 2 to 7 Thoracic Vertebral Joints, Posterior Approach, Anterior Column, Percutaneous Approach",spineFusion,Percutaneous Approach
0RG7470,"Fusion of 2 to 7 Thoracic Vertebral Joints with Autologous Tissue Substitute, Anterior Approach, Anterior Column, Percutaneous Endoscopic Approach",spineFusion,Percutaneous Endoscopic Approach
0RG7471,"Fusion of 2 to 7 Thoracic Vertebral Joints with Autologous Tissue Substitute, Posterior Approach, Posterior Column, Percutaneous Endoscopic Approach",spineFusion,Percutaneous Endoscopic Approach
0RG747J,"Fusion of 2 to 7 Thoracic Vertebral Joints with Autologous Tissue Substitute, Posterior Approach, Anterior Column, Percutaneous Endoscopic Approach",spineFusion,Percutaneous Endoscopic Approach
0RG74A0,"Fusion of 2 to 7 Thoracic Vertebral Joints with Interbody Fusion Device, Anterior Approach, Anterior Column, Percutaneous Endoscopic Approach",spineFusion,Percutaneous Endoscopic Approach
0RG74A1,NA,spineFusion,NA
0RG74AJ,"Fusion of 2 to 7 Thoracic Vertebral Joints with Interbody Fusion Device, Posterior Approach, Anterior Column, Percutaneous Endoscopic Approach",spineFusion,Percutaneous Endoscopic Approach
0RG74J0,"Fusion of 2 to 7 Thoracic Vertebral Joints with Synthetic Substitute, Anterior Approach, Anterior Column, Percutaneous Endoscopic Approach",spineFusion,Percutaneous Endoscopic Approach
0RG74J1,"Fusion of 2 to 7 Thoracic Vertebral Joints with Synthetic Substitute, Posterior Approach, Posterior Column, Percutaneous Endoscopic Approach",spineFusion,Percutaneous Endoscopic Approach
0RG74JJ,"Fusion of 2 to 7 Thoracic Vertebral Joints with Synthetic Substitute, Posterior Approach, Anterior Column, Percutaneous Endoscopic Approach",spineFusion,Percutaneous Endoscopic Approach
0RG74K0,"Fusion of 2 to 7 Thoracic Vertebral Joints with Nonautologous Tissue Substitute, Anterior Approach, Anterior Column, Percutaneous Endoscopic Approach",spineFusion,Percutaneous Endoscopic Approach
0RG74K1,"Fusion of 2 to 7 Thoracic Vertebral Joints with Nonautologous Tissue Substitute, Posterior Approach, Posterior Column, Percutaneous Endoscopic Approach",spineFusion,Percutaneous Endoscopic Approach
0RG74KJ,"Fusion of 2 to 7 Thoracic Vertebral Joints with Nonautologous Tissue Substitute, Posterior Approach, Anterior Column, Percutaneous Endoscopic Approach",spineFusion,Percutaneous Endoscopic Approach
0RG74Z0,"Fusion of 2 to 7 Thoracic Vertebral Joints, Anterior Approach, Anterior Column, Percutaneous Endoscopic Approach",spineFusion,Percutaneous Endoscopic Approach
0RG74Z1,"Fusion of 2 to 7 Thoracic Vertebral Joints, Posterior Approach, Posterior Column, Percutaneous Endoscopic Approach",spineFusion,Percutaneous Endoscopic Approach
0RG74ZJ,"Fusion of 2 to 7 Thoracic Vertebral Joints, Posterior Approach, Anterior Column, Percutaneous Endoscopic Approach",spineFusion,Percutaneous Endoscopic Approach
0RG8070,"Fusion of 8 or more Thoracic Vertebral Joints with Autologous Tissue Substitute, Anterior Approach, Anterior Column, Open Approach",spineFusion,Open Approach
0RG8071,"Fusion of 8 or more Thoracic Vertebral Joints with Autologous Tissue Substitute, Posterior Approach, Posterior Column, Open Approach",spineFusion,Open Approach
0RG807J,"Fusion of 8 or more Thoracic Vertebral Joints with Autologous Tissue Substitute, Posterior Approach, Anterior Column, Open Approach",spineFusion,Open Approach
0RG80A0,"Fusion of 8 or more Thoracic Vertebral Joints with Interbody Fusion Device, Anterior Approach, Anterior Column, Open Approach",spineFusion,Open Approach
0RG80A1,NA,spineFusion,NA
0RG80AJ,"Fusion of 8 or more Thoracic Vertebral Joints with Interbody Fusion Device, Posterior Approach, Anterior Column, Open Approach",spineFusion,Open Approach
0RG80J0,"Fusion of 8 or more Thoracic Vertebral Joints with Synthetic Substitute, Anterior Approach, Anterior Column, Open Approach",spineFusion,Open Approach
0RG80J1,"Fusion of 8 or more Thoracic Vertebral Joints with Synthetic Substitute, Posterior Approach, Posterior Column, Open Approach",spineFusion,Open Approach
0RG80JJ,"Fusion of 8 or more Thoracic Vertebral Joints with Synthetic Substitute, Posterior Approach, Anterior Column, Open Approach",spineFusion,Open Approach
0RG80K0,"Fusion of 8 or more Thoracic Vertebral Joints with Nonautologous Tissue Substitute, Anterior Approach, Anterior Column, Open Approach",spineFusion,Open Approach
0RG80K1,"Fusion of 8 or more Thoracic Vertebral Joints with Nonautologous Tissue Substitute, Posterior Approach, Posterior Column, Open Approach",spineFusion,Open Approach
0RG80KJ,"Fusion of 8 or more Thoracic Vertebral Joints with Nonautologous Tissue Substitute, Posterior Approach, Anterior Column, Open Approach",spineFusion,Open Approach
0RG80Z0,"Fusion of 8 or more Thoracic Vertebral Joints, Anterior Approach, Anterior Column, Open Approach",spineFusion,Open Approach
0RG80Z1,"Fusion of 8 or more Thoracic Vertebral Joints, Posterior Approach, Posterior Column, Open Approach",spineFusion,Open Approach
0RG80ZJ,"Fusion of 8 or more Thoracic Vertebral Joints, Posterior Approach, Anterior Column, Open Approach",spineFusion,Open Approach
0RG8370,"Fusion of 8 or more Thoracic Vertebral Joints with Autologous Tissue Substitute, Anterior Approach, Anterior Column, Percutaneous Approach",spineFusion,Percutaneous Approach
0RG8371,"Fusion of 8 or more Thoracic Vertebral Joints with Autologous Tissue Substitute, Posterior Approach, Posterior Column, Percutaneous Approach",spineFusion,Percutaneous Approach
0RG837J,"Fusion of 8 or more Thoracic Vertebral Joints with Autologous Tissue Substitute, Posterior Approach, Anterior Column, Percutaneous Approach",spineFusion,Percutaneous Approach
0RG83A0,"Fusion of 8 or more Thoracic Vertebral Joints with Interbody Fusion Device, Anterior Approach, Anterior Column, Percutaneous Approach",spineFusion,Percutaneous Approach
0RG83A1,NA,spineFusion,NA
0RG83AJ,"Fusion of 8 or more Thoracic Vertebral Joints with Interbody Fusion Device, Posterior Approach, Anterior Column, Percutaneous Approach",spineFusion,Percutaneous Approach
0RG83J0,"Fusion of 8 or more Thoracic Vertebral Joints with Synthetic Substitute, Anterior Approach, Anterior Column, Percutaneous Approach",spineFusion,Percutaneous Approach
0RG83J1,"Fusion of 8 or more Thoracic Vertebral Joints with Synthetic Substitute, Posterior Approach, Posterior Column, Percutaneous Approach",spineFusion,Percutaneous Approach
0RG83JJ,"Fusion of 8 or more Thoracic Vertebral Joints with Synthetic Substitute, Posterior Approach, Anterior Column, Percutaneous Approach",spineFusion,Percutaneous Approach
0RG83K0,"Fusion of 8 or more Thoracic Vertebral Joints with Nonautologous Tissue Substitute, Anterior Approach, Anterior Column, Percutaneous Approach",spineFusion,Percutaneous Approach
0RG83K1,"Fusion of 8 or more Thoracic Vertebral Joints with Nonautologous Tissue Substitute, Posterior Approach, Posterior Column, Percutaneous Approach",spineFusion,Percutaneous Approach
0RG83KJ,"Fusion of 8 or more Thoracic Vertebral Joints with Nonautologous Tissue Substitute, Posterior Approach, Anterior Column, Percutaneous Approach",spineFusion,Percutaneous Approach
0RG83Z0,"Fusion of 8 or more Thoracic Vertebral Joints, Anterior Approach, Anterior Column, Percutaneous Approach",spineFusion,Percutaneous Approach
0RG83Z1,"Fusion of 8 or more Thoracic Vertebral Joints, Posterior Approach, Posterior Column, Percutaneous Approach",spineFusion,Percutaneous Approach
0RG83ZJ,"Fusion of 8 or more Thoracic Vertebral Joints, Posterior Approach, Anterior Column, Percutaneous Approach",spineFusion,Percutaneous Approach
0RG8470,"Fusion of 8 or more Thoracic Vertebral Joints with Autologous Tissue Substitute, Anterior Approach, Anterior Column, Percutaneous Endoscopic Approach",spineFusion,Percutaneous Endoscopic Approach
0RG8471,"Fusion of 8 or more Thoracic Vertebral Joints with Autologous Tissue Substitute, Posterior Approach, Posterior Column, Percutaneous Endoscopic Approach",spineFusion,Percutaneous Endoscopic Approach
0RG847J,"Fusion of 8 or more Thoracic Vertebral Joints with Autologous Tissue Substitute, Posterior Approach, Anterior Column, Percutaneous Endoscopic Approach",spineFusion,Percutaneous Endoscopic Approach
0RG84A0,"Fusion of 8 or more Thoracic Vertebral Joints with Interbody Fusion Device, Anterior Approach, Anterior Column, Percutaneous Endoscopic Approach",spineFusion,Percutaneous Endoscopic Approach
0RG84A1,NA,spineFusion,NA
0RG84AJ,"Fusion of 8 or more Thoracic Vertebral Joints with Interbody Fusion Device, Posterior Approach, Anterior Column, Percutaneous Endoscopic Approach",spineFusion,Percutaneous Endoscopic Approach
0RG84J0,"Fusion of 8 or more Thoracic Vertebral Joints with Synthetic Substitute, Anterior Approach, Anterior Column, Percutaneous Endoscopic Approach",spineFusion,Percutaneous Endoscopic Approach
0RG84J1,"Fusion of 8 or more Thoracic Vertebral Joints with Synthetic Substitute, Posterior Approach, Posterior Column, Percutaneous Endoscopic Approach",spineFusion,Percutaneous Endoscopic Approach
0RG84JJ,"Fusion of 8 or more Thoracic Vertebral Joints with Synthetic Substitute, Posterior Approach, Anterior Column, Percutaneous Endoscopic Approach",spineFusion,Percutaneous Endoscopic Approach
0RG84K0,"Fusion of 8 or more Thoracic Vertebral Joints with Nonautologous Tissue Substitute, Anterior Approach, Anterior Column, Percutaneous Endoscopic Approach",spineFusion,Percutaneous Endoscopic Approach
0RG84K1,"Fusion of 8 or more Thoracic Vertebral Joints with Nonautologous Tissue Substitute, Posterior Approach, Posterior Column, Percutaneous Endoscopic Approach",spineFusion,Percutaneous Endoscopic Approach
0RG84KJ,"Fusion of 8 or more Thoracic Vertebral Joints with Nonautologous Tissue Substitute, Posterior Approach, Anterior Column, Percutaneous Endoscopic Approach",spineFusion,Percutaneous Endoscopic Approach
0RG84Z0,"Fusion of 8 or more Thoracic Vertebral Joints, Anterior Approach, Anterior Column, Percutaneous Endoscopic Approach",spineFusion,Percutaneous Endoscopic Approach
0RG84Z1,"Fusion of 8 or more Thoracic Vertebral Joints, Posterior Approach, Posterior Column, Percutaneous Endoscopic Approach",spineFusion,Percutaneous Endoscopic Approach
0RG84ZJ,"Fusion of 8 or more Thoracic Vertebral Joints, Posterior Approach, Anterior Column, Percutaneous Endoscopic Approach",spineFusion,Percutaneous Endoscopic Approach
0RGA070,"Fusion of Thoracolumbar Vertebral Joint with Autologous Tissue Substitute, Anterior Approach, Anterior Column, Open Approach",spineFusion,Open Approach
0RGA071,"Fusion of Thoracolumbar Vertebral Joint with Autologous Tissue Substitute, Posterior Approach, Posterior Column, Open Approach",spineFusion,Open Approach
0RGA07J,"Fusion of Thoracolumbar Vertebral Joint with Autologous Tissue Substitute, Posterior Approach, Anterior Column, Open Approach",spineFusion,Open Approach
0RGA0A0,"Fusion of Thoracolumbar Vertebral Joint with Interbody Fusion Device, Anterior Approach, Anterior Column, Open Approach",spineFusion,Open Approach
0RGA0A1,NA,spineFusion,NA
0RGA0AJ,"Fusion of Thoracolumbar Vertebral Joint with Interbody Fusion Device, Posterior Approach, Anterior Column, Open Approach",spineFusion,Open Approach
0RGA0J0,"Fusion of Thoracolumbar Vertebral Joint with Synthetic Substitute, Anterior Approach, Anterior Column, Open Approach",spineFusion,Open Approach
0RGA0J1,"Fusion of Thoracolumbar Vertebral Joint with Synthetic Substitute, Posterior Approach, Posterior Column, Open Approach",spineFusion,Open Approach
0RGA0JJ,"Fusion of Thoracolumbar Vertebral Joint with Synthetic Substitute, Posterior Approach, Anterior Column, Open Approach",spineFusion,Open Approach
0RGA0K0,"Fusion of Thoracolumbar Vertebral Joint with Nonautologous Tissue Substitute, Anterior Approach, Anterior Column, Open Approach",spineFusion,Open Approach
0RGA0K1,"Fusion of Thoracolumbar Vertebral Joint with Nonautologous Tissue Substitute, Posterior Approach, Posterior Column, Open Approach",spineFusion,Open Approach
0RGA0KJ,"Fusion of Thoracolumbar Vertebral Joint with Nonautologous Tissue Substitute, Posterior Approach, Anterior Column, Open Approach",spineFusion,Open Approach
0RGA0Z0,"Fusion of Thoracolumbar Vertebral Joint, Anterior Approach, Anterior Column, Open Approach",spineFusion,Open Approach
0RGA0Z1,"Fusion of Thoracolumbar Vertebral Joint, Posterior Approach, Posterior Column, Open Approach",spineFusion,Open Approach
0RGA0ZJ,"Fusion of Thoracolumbar Vertebral Joint, Posterior Approach, Anterior Column, Open Approach",spineFusion,Open Approach
0RGA370,"Fusion of Thoracolumbar Vertebral Joint with Autologous Tissue Substitute, Anterior Approach, Anterior Column, Percutaneous Approach",spineFusion,Percutaneous Approach
0RGA371,"Fusion of Thoracolumbar Vertebral Joint with Autologous Tissue Substitute, Posterior Approach, Posterior Column, Percutaneous Approach",spineFusion,Percutaneous Approach
0RGA37J,"Fusion of Thoracolumbar Vertebral Joint with Autologous Tissue Substitute, Posterior Approach, Anterior Column, Percutaneous Approach",spineFusion,Percutaneous Approach
0RGA3A0,"Fusion of Thoracolumbar Vertebral Joint with Interbody Fusion Device, Anterior Approach, Anterior Column, Percutaneous Approach",spineFusion,Percutaneous Approach
0RGA3A1,NA,spineFusion,NA
0RGA3AJ,"Fusion of Thoracolumbar Vertebral Joint with Interbody Fusion Device, Posterior Approach, Anterior Column, Percutaneous Approach",spineFusion,Percutaneous Approach
0RGA3J0,"Fusion of Thoracolumbar Vertebral Joint with Synthetic Substitute, Anterior Approach, Anterior Column, Percutaneous Approach",spineFusion,Percutaneous Approach
0RGA3J1,"Fusion of Thoracolumbar Vertebral Joint with Synthetic Substitute, Posterior Approach, Posterior Column, Percutaneous Approach",spineFusion,Percutaneous Approach
0RGA3JJ,"Fusion of Thoracolumbar Vertebral Joint with Synthetic Substitute, Posterior Approach, Anterior Column, Percutaneous Approach",spineFusion,Percutaneous Approach
0RGA3K0,"Fusion of Thoracolumbar Vertebral Joint with Nonautologous Tissue Substitute, Anterior Approach, Anterior Column, Percutaneous Approach",spineFusion,Percutaneous Approach
0RGA3K1,"Fusion of Thoracolumbar Vertebral Joint with Nonautologous Tissue Substitute, Posterior Approach, Posterior Column, Percutaneous Approach",spineFusion,Percutaneous Approach
0RGA3KJ,"Fusion of Thoracolumbar Vertebral Joint with Nonautologous Tissue Substitute, Posterior Approach, Anterior Column, Percutaneous Approach",spineFusion,Percutaneous Approach
0RGA3Z0,"Fusion of Thoracolumbar Vertebral Joint, Anterior Approach, Anterior Column, Percutaneous Approach",spineFusion,Percutaneous Approach
0RGA3Z1,"Fusion of Thoracolumbar Vertebral Joint, Posterior Approach, Posterior Column, Percutaneous Approach",spineFusion,Percutaneous Approach
0RGA3ZJ,"Fusion of Thoracolumbar Vertebral Joint, Posterior Approach, Anterior Column, Percutaneous Approach",spineFusion,Percutaneous Approach
0RGA470,"Fusion of Thoracolumbar Vertebral Joint with Autologous Tissue Substitute, Anterior Approach, Anterior Column, Percutaneous Endoscopic Approach",spineFusion,Percutaneous Endoscopic Approach
0RGA471,"Fusion of Thoracolumbar Vertebral Joint with Autologous Tissue Substitute, Posterior Approach, Posterior Column, Percutaneous Endoscopic Approach",spineFusion,Percutaneous Endoscopic Approach
0RGA47J,"Fusion of Thoracolumbar Vertebral Joint with Autologous Tissue Substitute, Posterior Approach, Anterior Column, Percutaneous Endoscopic Approach",spineFusion,Percutaneous Endoscopic Approach
0RGA4A0,"Fusion of Thoracolumbar Vertebral Joint with Interbody Fusion Device, Anterior Approach, Anterior Column, Percutaneous Endoscopic Approach",spineFusion,Percutaneous Endoscopic Approach
0RGA4A1,NA,spineFusion,NA
0RGA4AJ,"Fusion of Thoracolumbar Vertebral Joint with Interbody Fusion Device, Posterior Approach, Anterior Column, Percutaneous Endoscopic Approach",spineFusion,Percutaneous Endoscopic Approach
0RGA4J0,"Fusion of Thoracolumbar Vertebral Joint with Synthetic Substitute, Anterior Approach, Anterior Column, Percutaneous Endoscopic Approach",spineFusion,Percutaneous Endoscopic Approach
0RGA4J1,"Fusion of Thoracolumbar Vertebral Joint with Synthetic Substitute, Posterior Approach, Posterior Column, Percutaneous Endoscopic Approach",spineFusion,Percutaneous Endoscopic Approach
0RGA4JJ,"Fusion of Thoracolumbar Vertebral Joint with Synthetic Substitute, Posterior Approach, Anterior Column, Percutaneous Endoscopic Approach",spineFusion,Percutaneous Endoscopic Approach
0RGA4K0,"Fusion of Thoracolumbar Vertebral Joint with Nonautologous Tissue Substitute, Anterior Approach, Anterior Column, Percutaneous Endoscopic Approach",spineFusion,Percutaneous Endoscopic Approach
0RGA4K1,"Fusion of Thoracolumbar Vertebral Joint with Nonautologous Tissue Substitute, Posterior Approach, Posterior Column, Percutaneous Endoscopic Approach",spineFusion,Percutaneous Endoscopic Approach
0RGA4KJ,"Fusion of Thoracolumbar Vertebral Joint with Nonautologous Tissue Substitute, Posterior Approach, Anterior Column, Percutaneous Endoscopic Approach",spineFusion,Percutaneous Endoscopic Approach
0RGA4Z0,"Fusion of Thoracolumbar Vertebral Joint, Anterior Approach, Anterior Column, Percutaneous Endoscopic Approach",spineFusion,Percutaneous Endoscopic Approach
0RGA4Z1,"Fusion of Thoracolumbar Vertebral Joint, Posterior Approach, Posterior Column, Percutaneous Endoscopic Approach",spineFusion,Percutaneous Endoscopic Approach
0RGA4ZJ,"Fusion of Thoracolumbar Vertebral Joint, Posterior Approach, Anterior Column, Percutaneous Endoscopic Approach",spineFusion,Percutaneous Endoscopic Approach
0RH004Z,"Insertion of Internal Fixation Device into Occipital-cervical Joint, Open Approach",spineFusion,Open Approach
0RH00BZ,"Insertion of Interspinous Process Spinal Stabilization Device into Occipital-cervical Joint, Open Approach",spineFusion,Open Approach
0RH00CZ,"Insertion of Pedicle-Based Spinal Stabilization Device into Occipital-cervical Joint, Open Approach",spineFusion,Open Approach
0RH00DZ,"Insertion of Facet Replacement Spinal Stabilization Device into Occipital-cervical Joint, Open Approach",spineFusion,Open Approach
0RH034Z,"Insertion of Internal Fixation Device into Occipital-cervical Joint, Percutaneous Approach",spineFusion,Percutaneous Approach
0RH03BZ,"Insertion of Interspinous Process Spinal Stabilization Device into Occipital-cervical Joint, Percutaneous Approach",spineFusion,Percutaneous Approach
0RH03CZ,"Insertion of Pedicle-Based Spinal Stabilization Device into Occipital-cervical Joint, Percutaneous Approach",spineFusion,Percutaneous Approach
0RH03DZ,"Insertion of Facet Replacement Spinal Stabilization Device into Occipital-cervical Joint, Percutaneous Approach",spineFusion,Percutaneous Approach
0RH044Z,"Insertion of Internal Fixation Device into Occipital-cervical Joint, Percutaneous Endoscopic Approach",spineFusion,Percutaneous Endoscopic Approach
0RH04BZ,"Insertion of Interspinous Process Spinal Stabilization Device into Occipital-cervical Joint, Percutaneous Endoscopic Approach",spineFusion,Percutaneous Endoscopic Approach
0RH04CZ,"Insertion of Pedicle-Based Spinal Stabilization Device into Occipital-cervical Joint, Percutaneous Endoscopic Approach",spineFusion,Percutaneous Endoscopic Approach
0RH04DZ,"Insertion of Facet Replacement Spinal Stabilization Device into Occipital-cervical Joint, Percutaneous Endoscopic Approach",spineFusion,Percutaneous Endoscopic Approach
0RH104Z,"Insertion of Internal Fixation Device into Cervical Vertebral Joint, Open Approach",spineFusion,Open Approach
0RH10BZ,"Insertion of Interspinous Process Spinal Stabilization Device into Cervical Vertebral Joint, Open Approach",spineFusion,Open Approach
0RH10CZ,"Insertion of Pedicle-Based Spinal Stabilization Device into Cervical Vertebral Joint, Open Approach",spineFusion,Open Approach
0RH10DZ,"Insertion of Facet Replacement Spinal Stabilization Device into Cervical Vertebral Joint, Open Approach",spineFusion,Open Approach
0RH134Z,"Insertion of Internal Fixation Device into Cervical Vertebral Joint, Percutaneous Approach",spineFusion,Percutaneous Approach
0RH13BZ,"Insertion of Interspinous Process Spinal Stabilization Device into Cervical Vertebral Joint, Percutaneous Approach",spineFusion,Percutaneous Approach
0RH13CZ,"Insertion of Pedicle-Based Spinal Stabilization Device into Cervical Vertebral Joint, Percutaneous Approach",spineFusion,Percutaneous Approach
0RH13DZ,"Insertion of Facet Replacement Spinal Stabilization Device into Cervical Vertebral Joint, Percutaneous Approach",spineFusion,Percutaneous Approach
0RH144Z,"Insertion of Internal Fixation Device into Cervical Vertebral Joint, Percutaneous Endoscopic Approach",spineFusion,Percutaneous Endoscopic Approach
0RH14BZ,"Insertion of Interspinous Process Spinal Stabilization Device into Cervical Vertebral Joint, Percutaneous Endoscopic Approach",spineFusion,Percutaneous Endoscopic Approach
0RH14CZ,"Insertion of Pedicle-Based Spinal Stabilization Device into Cervical Vertebral Joint, Percutaneous Endoscopic Approach",spineFusion,Percutaneous Endoscopic Approach
0RH14DZ,"Insertion of Facet Replacement Spinal Stabilization Device into Cervical Vertebral Joint, Percutaneous Endoscopic Approach",spineFusion,Percutaneous Endoscopic Approach
0RH404Z,"Insertion of Internal Fixation Device into Cervicothoracic Vertebral Joint, Open Approach",spineFusion,Open Approach
0RH40BZ,"Insertion of Interspinous Process Spinal Stabilization Device into Cervicothoracic Vertebral Joint, Open Approach",spineFusion,Open Approach
0RH40CZ,"Insertion of Pedicle-Based Spinal Stabilization Device into Cervicothoracic Vertebral Joint, Open Approach",spineFusion,Open Approach
0RH40DZ,"Insertion of Facet Replacement Spinal Stabilization Device into Cervicothoracic Vertebral Joint, Open Approach",spineFusion,Open Approach
0RH434Z,"Insertion of Internal Fixation Device into Cervicothoracic Vertebral Joint, Percutaneous Approach",spineFusion,Percutaneous Approach
0RH43BZ,"Insertion of Interspinous Process Spinal Stabilization Device into Cervicothoracic Vertebral Joint, Percutaneous Approach",spineFusion,Percutaneous Approach
0RH43CZ,"Insertion of Pedicle-Based Spinal Stabilization Device into Cervicothoracic Vertebral Joint, Percutaneous Approach",spineFusion,Percutaneous Approach
0RH43DZ,"Insertion of Facet Replacement Spinal Stabilization Device into Cervicothoracic Vertebral Joint, Percutaneous Approach",spineFusion,Percutaneous Approach
0RH444Z,"Insertion of Internal Fixation Device into Cervicothoracic Vertebral Joint, Percutaneous Endoscopic Approach",spineFusion,Percutaneous Endoscopic Approach
0RH44BZ,"Insertion of Interspinous Process Spinal Stabilization Device into Cervicothoracic Vertebral Joint, Percutaneous Endoscopic Approach",spineFusion,Percutaneous Endoscopic Approach
0RH44CZ,"Insertion of Pedicle-Based Spinal Stabilization Device into Cervicothoracic Vertebral Joint, Percutaneous Endoscopic Approach",spineFusion,Percutaneous Endoscopic Approach
0RH44DZ,"Insertion of Facet Replacement Spinal Stabilization Device into Cervicothoracic Vertebral Joint, Percutaneous Endoscopic Approach",spineFusion,Percutaneous Endoscopic Approach
0RH604Z,"Insertion of Internal Fixation Device into Thoracic Vertebral Joint, Open Approach",spineFusion,Open Approach
0RH60BZ,"Insertion of Interspinous Process Spinal Stabilization Device into Thoracic Vertebral Joint, Open Approach",spineFusion,Open Approach
0RH60CZ,"Insertion of Pedicle-Based Spinal Stabilization Device into Thoracic Vertebral Joint, Open Approach",spineFusion,Open Approach
0RH60DZ,"Insertion of Facet Replacement Spinal Stabilization Device into Thoracic Vertebral Joint, Open Approach",spineFusion,Open Approach
0RH634Z,"Insertion of Internal Fixation Device into Thoracic Vertebral Joint, Percutaneous Approach",spineFusion,Percutaneous Approach
0RH63BZ,"Insertion of Interspinous Process Spinal Stabilization Device into Thoracic Vertebral Joint, Percutaneous Approach",spineFusion,Percutaneous Approach
0RH63CZ,"Insertion of Pedicle-Based Spinal Stabilization Device into Thoracic Vertebral Joint, Percutaneous Approach",spineFusion,Percutaneous Approach
0RH63DZ,"Insertion of Facet Replacement Spinal Stabilization Device into Thoracic Vertebral Joint, Percutaneous Approach",spineFusion,Percutaneous Approach
0RH644Z,"Insertion of Internal Fixation Device into Thoracic Vertebral Joint, Percutaneous Endoscopic Approach",spineFusion,Percutaneous Endoscopic Approach
0RH64BZ,"Insertion of Interspinous Process Spinal Stabilization Device into Thoracic Vertebral Joint, Percutaneous Endoscopic Approach",spineFusion,Percutaneous Endoscopic Approach
0RH64CZ,"Insertion of Pedicle-Based Spinal Stabilization Device into Thoracic Vertebral Joint, Percutaneous Endoscopic Approach",spineFusion,Percutaneous Endoscopic Approach
0RH64DZ,"Insertion of Facet Replacement Spinal Stabilization Device into Thoracic Vertebral Joint, Percutaneous Endoscopic Approach",spineFusion,Percutaneous Endoscopic Approach
0RHA04Z,"Insertion of Internal Fixation Device into Thoracolumbar Vertebral Joint, Open Approach",spineFusion,Open Approach
0RHA0BZ,"Insertion of Interspinous Process Spinal Stabilization Device into Thoracolumbar Vertebral Joint, Open Approach",spineFusion,Open Approach
0RHA0CZ,"Insertion of Pedicle-Based Spinal Stabilization Device into Thoracolumbar Vertebral Joint, Open Approach",spineFusion,Open Approach
0RHA0DZ,"Insertion of Facet Replacement Spinal Stabilization Device into Thoracolumbar Vertebral Joint, Open Approach",spineFusion,Open Approach
0RHA34Z,"Insertion of Internal Fixation Device into Thoracolumbar Vertebral Joint, Percutaneous Approach",spineFusion,Percutaneous Approach
0RHA3BZ,"Insertion of Interspinous Process Spinal Stabilization Device into Thoracolumbar Vertebral Joint, Percutaneous Approach",spineFusion,Percutaneous Approach
0RHA3CZ,"Insertion of Pedicle-Based Spinal Stabilization Device into Thoracolumbar Vertebral Joint, Percutaneous Approach",spineFusion,Percutaneous Approach
0RHA3DZ,"Insertion of Facet Replacement Spinal Stabilization Device into Thoracolumbar Vertebral Joint, Percutaneous Approach",spineFusion,Percutaneous Approach
0RHA44Z,"Insertion of Internal Fixation Device into Thoracolumbar Vertebral Joint, Percutaneous Endoscopic Approach",spineFusion,Percutaneous Endoscopic Approach
0RHA4BZ,"Insertion of Interspinous Process Spinal Stabilization Device into Thoracolumbar Vertebral Joint, Percutaneous Endoscopic Approach",spineFusion,Percutaneous Endoscopic Approach
0RHA4CZ,"Insertion of Pedicle-Based Spinal Stabilization Device into Thoracolumbar Vertebral Joint, Percutaneous Endoscopic Approach",spineFusion,Percutaneous Endoscopic Approach
0RHA4DZ,"Insertion of Facet Replacement Spinal Stabilization Device into Thoracolumbar Vertebral Joint, Percutaneous Endoscopic Approach",spineFusion,Percutaneous Endoscopic Approach
0RP004Z,"Removal of Internal Fixation Device from Occipital-cervical Joint, Open Approach",spineFusion,Open Approach
0RP00AZ,"Removal of Interbody Fusion Device from Occipital-cervical Joint, Open Approach",spineFusion,Open Approach
0RP034Z,"Removal of Internal Fixation Device from Occipital-cervical Joint, Percutaneous Approach",spineFusion,Percutaneous Approach
0RP03AZ,"Removal of Interbody Fusion Device from Occipital-cervical Joint, Percutaneous Approach",spineFusion,Percutaneous Approach
0RP044Z,"Removal of Internal Fixation Device from Occipital-cervical Joint, Percutaneous Endoscopic Approach",spineFusion,Percutaneous Endoscopic Approach
0RP04AZ,"Removal of Interbody Fusion Device from Occipital-cervical Joint, Percutaneous Endoscopic Approach",spineFusion,Percutaneous Endoscopic Approach
0RP0X4Z,"Removal of Internal Fixation Device from Occipital-cervical Joint, External Approach",spineFusion,External Approach
0RP104Z,"Removal of Internal Fixation Device from Cervical Vertebral Joint, Open Approach",spineFusion,Open Approach
0RP10AZ,"Removal of Interbody Fusion Device from Cervical Vertebral Joint, Open Approach",spineFusion,Open Approach
0RP134Z,"Removal of Internal Fixation Device from Cervical Vertebral Joint, Percutaneous Approach",spineFusion,Percutaneous Approach
0RP13AZ,"Removal of Interbody Fusion Device from Cervical Vertebral Joint, Percutaneous Approach",spineFusion,Percutaneous Approach
0RP144Z,"Removal of Internal Fixation Device from Cervical Vertebral Joint, Percutaneous Endoscopic Approach",spineFusion,Percutaneous Endoscopic Approach
0RP14AZ,"Removal of Interbody Fusion Device from Cervical Vertebral Joint, Percutaneous Endoscopic Approach",spineFusion,Percutaneous Endoscopic Approach
0RP1X4Z,"Removal of Internal Fixation Device from Cervical Vertebral Joint, External Approach",spineFusion,External Approach
0RP404Z,"Removal of Internal Fixation Device from Cervicothoracic Vertebral Joint, Open Approach",spineFusion,Open Approach
0RP40AZ,"Removal of Interbody Fusion Device from Cervicothoracic Vertebral Joint, Open Approach",spineFusion,Open Approach
0RP434Z,"Removal of Internal Fixation Device from Cervicothoracic Vertebral Joint, Percutaneous Approach",spineFusion,Percutaneous Approach
0RP43AZ,"Removal of Interbody Fusion Device from Cervicothoracic Vertebral Joint, Percutaneous Approach",spineFusion,Percutaneous Approach
0RP444Z,"Removal of Internal Fixation Device from Cervicothoracic Vertebral Joint, Percutaneous Endoscopic Approach",spineFusion,Percutaneous Endoscopic Approach
0RP44AZ,"Removal of Interbody Fusion Device from Cervicothoracic Vertebral Joint, Percutaneous Endoscopic Approach",spineFusion,Percutaneous Endoscopic Approach
0RP4X4Z,"Removal of Internal Fixation Device from Cervicothoracic Vertebral Joint, External Approach",spineFusion,External Approach
0RP604Z,"Removal of Internal Fixation Device from Thoracic Vertebral Joint, Open Approach",spineFusion,Open Approach
0RP60AZ,"Removal of Interbody Fusion Device from Thoracic Vertebral Joint, Open Approach",spineFusion,Open Approach
0RP634Z,"Removal of Internal Fixation Device from Thoracic Vertebral Joint, Percutaneous Approach",spineFusion,Percutaneous Approach
0RP63AZ,"Removal of Interbody Fusion Device from Thoracic Vertebral Joint, Percutaneous Approach",spineFusion,Percutaneous Approach
0RP644Z,"Removal of Internal Fixation Device from Thoracic Vertebral Joint, Percutaneous Endoscopic Approach",spineFusion,Percutaneous Endoscopic Approach
0RP64AZ,"Removal of Interbody Fusion Device from Thoracic Vertebral Joint, Percutaneous Endoscopic Approach",spineFusion,Percutaneous Endoscopic Approach
0RP6X4Z,"Removal of Internal Fixation Device from Thoracic Vertebral Joint, External Approach",spineFusion,External Approach
0RPA04Z,"Removal of Internal Fixation Device from Thoracolumbar Vertebral Joint, Open Approach",spineFusion,Open Approach
0RPA0AZ,"Removal of Interbody Fusion Device from Thoracolumbar Vertebral Joint, Open Approach",spineFusion,Open Approach
0RPA34Z,"Removal of Internal Fixation Device from Thoracolumbar Vertebral Joint, Percutaneous Approach",spineFusion,Percutaneous Approach
0RPA3AZ,"Removal of Interbody Fusion Device from Thoracolumbar Vertebral Joint, Percutaneous Approach",spineFusion,Percutaneous Approach
0RPA44Z,"Removal of Internal Fixation Device from Thoracolumbar Vertebral Joint, Percutaneous Endoscopic Approach",spineFusion,Percutaneous Endoscopic Approach
0RPA4AZ,"Removal of Interbody Fusion Device from Thoracolumbar Vertebral Joint, Percutaneous Endoscopic Approach",spineFusion,Percutaneous Endoscopic Approach
0RPAX4Z,"Removal of Internal Fixation Device from Thoracolumbar Vertebral Joint, External Approach",spineFusion,External Approach
0RS004Z,"Reposition Occipital-cervical Joint with Internal Fixation Device, Open Approach",spineFusion,Open Approach
0RS00ZZ,"Reposition Occipital-cervical Joint, Open Approach",spineFusion,Open Approach
0RS034Z,"Reposition Occipital-cervical Joint with Internal Fixation Device, Percutaneous Approach",spineFusion,Percutaneous Approach
0RS03ZZ,"Reposition Occipital-cervical Joint, Percutaneous Approach",spineFusion,Percutaneous Approach
0RS044Z,"Reposition Occipital-cervical Joint with Internal Fixation Device, Percutaneous Endoscopic Approach",spineFusion,Percutaneous Endoscopic Approach
0RS04ZZ,"Reposition Occipital-cervical Joint, Percutaneous Endoscopic Approach",spineFusion,Percutaneous Endoscopic Approach
0RS0X4Z,"Reposition Occipital-cervical Joint with Internal Fixation Device, External Approach",spineFusion,External Approach
0RS104Z,"Reposition Cervical Vertebral Joint with Internal Fixation Device, Open Approach",spineFusion,Open Approach
0RS10ZZ,"Reposition Cervical Vertebral Joint, Open Approach",spineFusion,Open Approach
0RS134Z,"Reposition Cervical Vertebral Joint with Internal Fixation Device, Percutaneous Approach",spineFusion,Percutaneous Approach
0RS13ZZ,"Reposition Cervical Vertebral Joint, Percutaneous Approach",spineFusion,Percutaneous Approach
0RS144Z,"Reposition Cervical Vertebral Joint with Internal Fixation Device, Percutaneous Endoscopic Approach",spineFusion,Percutaneous Endoscopic Approach
0RS14ZZ,"Reposition Cervical Vertebral Joint, Percutaneous Endoscopic Approach",spineFusion,Percutaneous Endoscopic Approach
0RS1X4Z,"Reposition Cervical Vertebral Joint with Internal Fixation Device, External Approach",spineFusion,External Approach
0RS404Z,"Reposition Cervicothoracic Vertebral Joint with Internal Fixation Device, Open Approach",spineFusion,Open Approach
0RS40ZZ,"Reposition Cervicothoracic Vertebral Joint, Open Approach",spineFusion,Open Approach
0RS434Z,"Reposition Cervicothoracic Vertebral Joint with Internal Fixation Device, Percutaneous Approach",spineFusion,Percutaneous Approach
0RS43ZZ,"Reposition Cervicothoracic Vertebral Joint, Percutaneous Approach",spineFusion,Percutaneous Approach
0RS444Z,"Reposition Cervicothoracic Vertebral Joint with Internal Fixation Device, Percutaneous Endoscopic Approach",spineFusion,Percutaneous Endoscopic Approach
0RS44ZZ,"Reposition Cervicothoracic Vertebral Joint, Percutaneous Endoscopic Approach",spineFusion,Percutaneous Endoscopic Approach
0RS4X4Z,"Reposition Cervicothoracic Vertebral Joint with Internal Fixation Device, External Approach",spineFusion,External Approach
0RS604Z,"Reposition Thoracic Vertebral Joint with Internal Fixation Device, Open Approach",spineFusion,Open Approach
0RS60ZZ,"Reposition Thoracic Vertebral Joint, Open Approach",spineFusion,Open Approach
0RS634Z,"Reposition Thoracic Vertebral Joint with Internal Fixation Device, Percutaneous Approach",spineFusion,Percutaneous Approach
0RS63ZZ,"Reposition Thoracic Vertebral Joint, Percutaneous Approach",spineFusion,Percutaneous Approach
0RS644Z,"Reposition Thoracic Vertebral Joint with Internal Fixation Device, Percutaneous Endoscopic Approach",spineFusion,Percutaneous Endoscopic Approach
0RS64ZZ,"Reposition Thoracic Vertebral Joint, Percutaneous Endoscopic Approach",spineFusion,Percutaneous Endoscopic Approach
0RS6X4Z,"Reposition Thoracic Vertebral Joint with Internal Fixation Device, External Approach",spineFusion,External Approach
0RSA04Z,"Reposition Thoracolumbar Vertebral Joint with Internal Fixation Device, Open Approach",spineFusion,Open Approach
0RSA0ZZ,"Reposition Thoracolumbar Vertebral Joint, Open Approach",spineFusion,Open Approach
0RSA34Z,"Reposition Thoracolumbar Vertebral Joint with Internal Fixation Device, Percutaneous Approach",spineFusion,Percutaneous Approach
0RSA3ZZ,"Reposition Thoracolumbar Vertebral Joint, Percutaneous Approach",spineFusion,Percutaneous Approach
0RSA44Z,"Reposition Thoracolumbar Vertebral Joint with Internal Fixation Device, Percutaneous Endoscopic Approach",spineFusion,Percutaneous Endoscopic Approach
0RSA4ZZ,"Reposition Thoracolumbar Vertebral Joint, Percutaneous Endoscopic Approach",spineFusion,Percutaneous Endoscopic Approach
0RSAX4Z,"Reposition Thoracolumbar Vertebral Joint with Internal Fixation Device, External Approach",spineFusion,External Approach
0RW004Z,"Revision of Internal Fixation Device in Occipital-cervical Joint, Open Approach",spineFusion,Open Approach
0RW00AZ,"Revision of Interbody Fusion Device in Occipital-cervical Joint, Open Approach",spineFusion,Open Approach
0RW034Z,"Revision of Internal Fixation Device in Occipital-cervical Joint, Percutaneous Approach",spineFusion,Percutaneous Approach
0RW03AZ,"Revision of Interbody Fusion Device in Occipital-cervical Joint, Percutaneous Approach",spineFusion,Percutaneous Approach
0RW044Z,"Revision of Internal Fixation Device in Occipital-cervical Joint, Percutaneous Endoscopic Approach",spineFusion,Percutaneous Endoscopic Approach
0RW04AZ,"Revision of Interbody Fusion Device in Occipital-cervical Joint, Percutaneous Endoscopic Approach",spineFusion,Percutaneous Endoscopic Approach
0RW0X4Z,"Revision of Internal Fixation Device in Occipital-cervical Joint, External Approach",spineFusion,External Approach
0RW0XAZ,"Revision of Interbody Fusion Device in Occipital-cervical Joint, External Approach",spineFusion,External Approach
0RW104Z,"Revision of Internal Fixation Device in Cervical Vertebral Joint, Open Approach",spineFusion,Open Approach
0RW10AZ,"Revision of Interbody Fusion Device in Cervical Vertebral Joint, Open Approach",spineFusion,Open Approach
0RW134Z,"Revision of Internal Fixation Device in Cervical Vertebral Joint, Percutaneous Approach",spineFusion,Percutaneous Approach
0RW13AZ,"Revision of Interbody Fusion Device in Cervical Vertebral Joint, Percutaneous Approach",spineFusion,Percutaneous Approach
0RW144Z,"Revision of Internal Fixation Device in Cervical Vertebral Joint, Percutaneous Endoscopic Approach",spineFusion,Percutaneous Endoscopic Approach
0RW14AZ,"Revision of Interbody Fusion Device in Cervical Vertebral Joint, Percutaneous Endoscopic Approach",spineFusion,Percutaneous Endoscopic Approach
0RW1X4Z,"Revision of Internal Fixation Device in Cervical Vertebral Joint, External Approach",spineFusion,External Approach
0RW1XAZ,"Revision of Interbody Fusion Device in Cervical Vertebral Joint, External Approach",spineFusion,External Approach
0RW404Z,"Revision of Internal Fixation Device in Cervicothoracic Vertebral Joint, Open Approach",spineFusion,Open Approach
0RW40AZ,"Revision of Interbody Fusion Device in Cervicothoracic Vertebral Joint, Open Approach",spineFusion,Open Approach
0RW434Z,"Revision of Internal Fixation Device in Cervicothoracic Vertebral Joint, Percutaneous Approach",spineFusion,Percutaneous Approach
0RW43AZ,"Revision of Interbody Fusion Device in Cervicothoracic Vertebral Joint, Percutaneous Approach",spineFusion,Percutaneous Approach
0RW444Z,"Revision of Internal Fixation Device in Cervicothoracic Vertebral Joint, Percutaneous Endoscopic Approach",spineFusion,Percutaneous Endoscopic Approach
0RW44AZ,"Revision of Interbody Fusion Device in Cervicothoracic Vertebral Joint, Percutaneous Endoscopic Approach",spineFusion,Percutaneous Endoscopic Approach
0RW4X4Z,"Revision of Internal Fixation Device in Cervicothoracic Vertebral Joint, External Approach",spineFusion,External Approach
0RW4XAZ,"Revision of Interbody Fusion Device in Cervicothoracic Vertebral Joint, External Approach",spineFusion,External Approach
0RW604Z,"Revision of Internal Fixation Device in Thoracic Vertebral Joint, Open Approach",spineFusion,Open Approach
0RW60AZ,"Revision of Interbody Fusion Device in Thoracic Vertebral Joint, Open Approach",spineFusion,Open Approach
0RW634Z,"Revision of Internal Fixation Device in Thoracic Vertebral Joint, Percutaneous Approach",spineFusion,Percutaneous Approach
0RW63AZ,"Revision of Interbody Fusion Device in Thoracic Vertebral Joint, Percutaneous Approach",spineFusion,Percutaneous Approach
0RW644Z,"Revision of Internal Fixation Device in Thoracic Vertebral Joint, Percutaneous Endoscopic Approach",spineFusion,Percutaneous Endoscopic Approach
0RW64AZ,"Revision of Interbody Fusion Device in Thoracic Vertebral Joint, Percutaneous Endoscopic Approach",spineFusion,Percutaneous Endoscopic Approach
0RW6X4Z,"Revision of Internal Fixation Device in Thoracic Vertebral Joint, External Approach",spineFusion,External Approach
0RW6XAZ,"Revision of Interbody Fusion Device in Thoracic Vertebral Joint, External Approach",spineFusion,External Approach
0RWA04Z,"Revision of Internal Fixation Device in Thoracolumbar Vertebral Joint, Open Approach",spineFusion,Open Approach
0RWA0AZ,"Revision of Interbody Fusion Device in Thoracolumbar Vertebral Joint, Open Approach",spineFusion,Open Approach
0RWA34Z,"Revision of Internal Fixation Device in Thoracolumbar Vertebral Joint, Percutaneous Approach",spineFusion,Percutaneous Approach
0RWA3AZ,"Revision of Interbody Fusion Device in Thoracolumbar Vertebral Joint, Percutaneous Approach",spineFusion,Percutaneous Approach
0RWA44Z,"Revision of Internal Fixation Device in Thoracolumbar Vertebral Joint, Percutaneous Endoscopic Approach",spineFusion,Percutaneous Endoscopic Approach
0RWA4AZ,"Revision of Interbody Fusion Device in Thoracolumbar Vertebral Joint, Percutaneous Endoscopic Approach",spineFusion,Percutaneous Endoscopic Approach
0RWAX4Z,"Revision of Internal Fixation Device in Thoracolumbar Vertebral Joint, External Approach",spineFusion,External Approach
0RWAXAZ,"Revision of Interbody Fusion Device in Thoracolumbar Vertebral Joint, External Approach",spineFusion,External Approach
0SG0070,"Fusion of Lumbar Vertebral Joint with Autologous Tissue Substitute, Anterior Approach, Anterior Column, Open Approach",spineFusion,Open Approach
0SG0071,"Fusion of Lumbar Vertebral Joint with Autologous Tissue Substitute, Posterior Approach, Posterior Column, Open Approach",spineFusion,Open Approach
0SG007J,"Fusion of Lumbar Vertebral Joint with Autologous Tissue Substitute, Posterior Approach, Anterior Column, Open Approach",spineFusion,Open Approach
0SG00A0,"Fusion of Lumbar Vertebral Joint with Interbody Fusion Device, Anterior Approach, Anterior Column, Open Approach",spineFusion,Open Approach
0SG00A1,NA,spineFusion,NA
0SG00AJ,"Fusion of Lumbar Vertebral Joint with Interbody Fusion Device, Posterior Approach, Anterior Column, Open Approach",spineFusion,Open Approach
0SG00J0,"Fusion of Lumbar Vertebral Joint with Synthetic Substitute, Anterior Approach, Anterior Column, Open Approach",spineFusion,Open Approach
0SG00J1,"Fusion of Lumbar Vertebral Joint with Synthetic Substitute, Posterior Approach, Posterior Column, Open Approach",spineFusion,Open Approach
0SG00JJ,"Fusion of Lumbar Vertebral Joint with Synthetic Substitute, Posterior Approach, Anterior Column, Open Approach",spineFusion,Open Approach
0SG00K0,"Fusion of Lumbar Vertebral Joint with Nonautologous Tissue Substitute, Anterior Approach, Anterior Column, Open Approach",spineFusion,Open Approach
0SG00K1,"Fusion of Lumbar Vertebral Joint with Nonautologous Tissue Substitute, Posterior Approach, Posterior Column, Open Approach",spineFusion,Open Approach
0SG00KJ,"Fusion of Lumbar Vertebral Joint with Nonautologous Tissue Substitute, Posterior Approach, Anterior Column, Open Approach",spineFusion,Open Approach
0SG00Z0,"Fusion of Lumbar Vertebral Joint, Anterior Approach, Anterior Column, Open Approach",spineFusion,Open Approach
0SG00Z1,"Fusion of Lumbar Vertebral Joint, Posterior Approach, Posterior Column, Open Approach",spineFusion,Open Approach
0SG00ZJ,"Fusion of Lumbar Vertebral Joint, Posterior Approach, Anterior Column, Open Approach",spineFusion,Open Approach
0SG0370,"Fusion of Lumbar Vertebral Joint with Autologous Tissue Substitute, Anterior Approach, Anterior Column, Percutaneous Approach",spineFusion,Percutaneous Approach
0SG0371,"Fusion of Lumbar Vertebral Joint with Autologous Tissue Substitute, Posterior Approach, Posterior Column, Percutaneous Approach",spineFusion,Percutaneous Approach
0SG037J,"Fusion of Lumbar Vertebral Joint with Autologous Tissue Substitute, Posterior Approach, Anterior Column, Percutaneous Approach",spineFusion,Percutaneous Approach
0SG03A0,"Fusion of Lumbar Vertebral Joint with Interbody Fusion Device, Anterior Approach, Anterior Column, Percutaneous Approach",spineFusion,Percutaneous Approach
0SG03A1,NA,spineFusion,NA
0SG03AJ,"Fusion of Lumbar Vertebral Joint with Interbody Fusion Device, Posterior Approach, Anterior Column, Percutaneous Approach",spineFusion,Percutaneous Approach
0SG03J0,"Fusion of Lumbar Vertebral Joint with Synthetic Substitute, Anterior Approach, Anterior Column, Percutaneous Approach",spineFusion,Percutaneous Approach
0SG03J1,"Fusion of Lumbar Vertebral Joint with Synthetic Substitute, Posterior Approach, Posterior Column, Percutaneous Approach",spineFusion,Percutaneous Approach
0SG03JJ,"Fusion of Lumbar Vertebral Joint with Synthetic Substitute, Posterior Approach, Anterior Column, Percutaneous Approach",spineFusion,Percutaneous Approach
0SG03K0,"Fusion of Lumbar Vertebral Joint with Nonautologous Tissue Substitute, Anterior Approach, Anterior Column, Percutaneous Approach",spineFusion,Percutaneous Approach
0SG03K1,"Fusion of Lumbar Vertebral Joint with Nonautologous Tissue Substitute, Posterior Approach, Posterior Column, Percutaneous Approach",spineFusion,Percutaneous Approach
0SG03KJ,"Fusion of Lumbar Vertebral Joint with Nonautologous Tissue Substitute, Posterior Approach, Anterior Column, Percutaneous Approach",spineFusion,Percutaneous Approach
0SG03Z0,"Fusion of Lumbar Vertebral Joint, Anterior Approach, Anterior Column, Percutaneous Approach",spineFusion,Percutaneous Approach
0SG03Z1,"Fusion of Lumbar Vertebral Joint, Posterior Approach, Posterior Column, Percutaneous Approach",spineFusion,Percutaneous Approach
0SG03ZJ,"Fusion of Lumbar Vertebral Joint, Posterior Approach, Anterior Column, Percutaneous Approach",spineFusion,Percutaneous Approach
0SG0470,"Fusion of Lumbar Vertebral Joint with Autologous Tissue Substitute, Anterior Approach, Anterior Column, Percutaneous Endoscopic Approach",spineFusion,Percutaneous Endoscopic Approach
0SG0471,"Fusion of Lumbar Vertebral Joint with Autologous Tissue Substitute, Posterior Approach, Posterior Column, Percutaneous Endoscopic Approach",spineFusion,Percutaneous Endoscopic Approach
0SG047J,"Fusion of Lumbar Vertebral Joint with Autologous Tissue Substitute, Posterior Approach, Anterior Column, Percutaneous Endoscopic Approach",spineFusion,Percutaneous Endoscopic Approach
0SG04A0,"Fusion of Lumbar Vertebral Joint with Interbody Fusion Device, Anterior Approach, Anterior Column, Percutaneous Endoscopic Approach",spineFusion,Percutaneous Endoscopic Approach
0SG04A1,NA,spineFusion,NA
0SG04AJ,"Fusion of Lumbar Vertebral Joint with Interbody Fusion Device, Posterior Approach, Anterior Column, Percutaneous Endoscopic Approach",spineFusion,Percutaneous Endoscopic Approach
0SG04J0,"Fusion of Lumbar Vertebral Joint with Synthetic Substitute, Anterior Approach, Anterior Column, Percutaneous Endoscopic Approach",spineFusion,Percutaneous Endoscopic Approach
0SG04J1,"Fusion of Lumbar Vertebral Joint with Synthetic Substitute, Posterior Approach, Posterior Column, Percutaneous Endoscopic Approach",spineFusion,Percutaneous Endoscopic Approach
0SG04JJ,"Fusion of Lumbar Vertebral Joint with Synthetic Substitute, Posterior Approach, Anterior Column, Percutaneous Endoscopic Approach",spineFusion,Percutaneous Endoscopic Approach
0SG04K0,"Fusion of Lumbar Vertebral Joint with Nonautologous Tissue Substitute, Anterior Approach, Anterior Column, Percutaneous Endoscopic Approach",spineFusion,Percutaneous Endoscopic Approach
0SG04K1,"Fusion of Lumbar Vertebral Joint with Nonautologous Tissue Substitute, Posterior Approach, Posterior Column, Percutaneous Endoscopic Approach",spineFusion,Percutaneous Endoscopic Approach
0SG04KJ,"Fusion of Lumbar Vertebral Joint with Nonautologous Tissue Substitute, Posterior Approach, Anterior Column, Percutaneous Endoscopic Approach",spineFusion,Percutaneous Endoscopic Approach
0SG04Z0,"Fusion of Lumbar Vertebral Joint, Anterior Approach, Anterior Column, Percutaneous Endoscopic Approach",spineFusion,Percutaneous Endoscopic Approach
0SG04Z1,"Fusion of Lumbar Vertebral Joint, Posterior Approach, Posterior Column, Percutaneous Endoscopic Approach",spineFusion,Percutaneous Endoscopic Approach
0SG04ZJ,"Fusion of Lumbar Vertebral Joint, Posterior Approach, Anterior Column, Percutaneous Endoscopic Approach",spineFusion,Percutaneous Endoscopic Approach
0SG1070,"Fusion of 2 or more Lumbar Vertebral Joints with Autologous Tissue Substitute, Anterior Approach, Anterior Column, Open Approach",spineFusion,Open Approach
0SG1071,"Fusion of 2 or more Lumbar Vertebral Joints with Autologous Tissue Substitute, Posterior Approach, Posterior Column, Open Approach",spineFusion,Open Approach
0SG107J,"Fusion of 2 or more Lumbar Vertebral Joints with Autologous Tissue Substitute, Posterior Approach, Anterior Column, Open Approach",spineFusion,Open Approach
0SG10A0,"Fusion of 2 or more Lumbar Vertebral Joints with Interbody Fusion Device, Anterior Approach, Anterior Column, Open Approach",spineFusion,Open Approach
0SG10A1,NA,spineFusion,NA
0SG10AJ,"Fusion of 2 or more Lumbar Vertebral Joints with Interbody Fusion Device, Posterior Approach, Anterior Column, Open Approach",spineFusion,Open Approach
0SG10J0,"Fusion of 2 or more Lumbar Vertebral Joints with Synthetic Substitute, Anterior Approach, Anterior Column, Open Approach",spineFusion,Open Approach
0SG10J1,"Fusion of 2 or more Lumbar Vertebral Joints with Synthetic Substitute, Posterior Approach, Posterior Column, Open Approach",spineFusion,Open Approach
0SG10JJ,"Fusion of 2 or more Lumbar Vertebral Joints with Synthetic Substitute, Posterior Approach, Anterior Column, Open Approach",spineFusion,Open Approach
0SG10K0,"Fusion of 2 or more Lumbar Vertebral Joints with Nonautologous Tissue Substitute, Anterior Approach, Anterior Column, Open Approach",spineFusion,Open Approach
0SG10K1,"Fusion of 2 or more Lumbar Vertebral Joints with Nonautologous Tissue Substitute, Posterior Approach, Posterior Column, Open Approach",spineFusion,Open Approach
0SG10KJ,"Fusion of 2 or more Lumbar Vertebral Joints with Nonautologous Tissue Substitute, Posterior Approach, Anterior Column, Open Approach",spineFusion,Open Approach
0SG10Z0,"Fusion of 2 or more Lumbar Vertebral Joints, Anterior Approach, Anterior Column, Open Approach",spineFusion,Open Approach
0SG10Z1,"Fusion of 2 or more Lumbar Vertebral Joints, Posterior Approach, Posterior Column, Open Approach",spineFusion,Open Approach
0SG10ZJ,"Fusion of 2 or more Lumbar Vertebral Joints, Posterior Approach, Anterior Column, Open Approach",spineFusion,Open Approach
0SG1370,"Fusion of 2 or more Lumbar Vertebral Joints with Autologous Tissue Substitute, Anterior Approach, Anterior Column, Percutaneous Approach",spineFusion,Percutaneous Approach
0SG1371,"Fusion of 2 or more Lumbar Vertebral Joints with Autologous Tissue Substitute, Posterior Approach, Posterior Column, Percutaneous Approach",spineFusion,Percutaneous Approach
0SG137J,"Fusion of 2 or more Lumbar Vertebral Joints with Autologous Tissue Substitute, Posterior Approach, Anterior Column, Percutaneous Approach",spineFusion,Percutaneous Approach
0SG13A0,"Fusion of 2 or more Lumbar Vertebral Joints with Interbody Fusion Device, Anterior Approach, Anterior Column, Percutaneous Approach",spineFusion,Percutaneous Approach
0SG13A1,NA,spineFusion,NA
0SG13AJ,"Fusion of 2 or more Lumbar Vertebral Joints with Interbody Fusion Device, Posterior Approach, Anterior Column, Percutaneous Approach",spineFusion,Percutaneous Approach
0SG13J0,"Fusion of 2 or more Lumbar Vertebral Joints with Synthetic Substitute, Anterior Approach, Anterior Column, Percutaneous Approach",spineFusion,Percutaneous Approach
0SG13J1,"Fusion of 2 or more Lumbar Vertebral Joints with Synthetic Substitute, Posterior Approach, Posterior Column, Percutaneous Approach",spineFusion,Percutaneous Approach
0SG13JJ,"Fusion of 2 or more Lumbar Vertebral Joints with Synthetic Substitute, Posterior Approach, Anterior Column, Percutaneous Approach",spineFusion,Percutaneous Approach
0SG13K0,"Fusion of 2 or more Lumbar Vertebral Joints with Nonautologous Tissue Substitute, Anterior Approach, Anterior Column, Percutaneous Approach",spineFusion,Percutaneous Approach
0SG13K1,"Fusion of 2 or more Lumbar Vertebral Joints with Nonautologous Tissue Substitute, Posterior Approach, Posterior Column, Percutaneous Approach",spineFusion,Percutaneous Approach
0SG13KJ,"Fusion of 2 or more Lumbar Vertebral Joints with Nonautologous Tissue Substitute, Posterior Approach, Anterior Column, Percutaneous Approach",spineFusion,Percutaneous Approach
0SG13Z0,"Fusion of 2 or more Lumbar Vertebral Joints, Anterior Approach, Anterior Column, Percutaneous Approach",spineFusion,Percutaneous Approach
0SG13Z1,"Fusion of 2 or more Lumbar Vertebral Joints, Posterior Approach, Posterior Column, Percutaneous Approach",spineFusion,Percutaneous Approach
0SG13ZJ,"Fusion of 2 or more Lumbar Vertebral Joints, Posterior Approach, Anterior Column, Percutaneous Approach",spineFusion,Percutaneous Approach
0SG1470,"Fusion of 2 or more Lumbar Vertebral Joints with Autologous Tissue Substitute, Anterior Approach, Anterior Column, Percutaneous Endoscopic Approach",spineFusion,Percutaneous Endoscopic Approach
0SG1471,"Fusion of 2 or more Lumbar Vertebral Joints with Autologous Tissue Substitute, Posterior Approach, Posterior Column, Percutaneous Endoscopic Approach",spineFusion,Percutaneous Endoscopic Approach
0SG147J,"Fusion of 2 or more Lumbar Vertebral Joints with Autologous Tissue Substitute, Posterior Approach, Anterior Column, Percutaneous Endoscopic Approach",spineFusion,Percutaneous Endoscopic Approach
0SG14A0,"Fusion of 2 or more Lumbar Vertebral Joints with Interbody Fusion Device, Anterior Approach, Anterior Column, Percutaneous Endoscopic Approach",spineFusion,Percutaneous Endoscopic Approach
0SG14A1,NA,spineFusion,NA
0SG14AJ,"Fusion of 2 or more Lumbar Vertebral Joints with Interbody Fusion Device, Posterior Approach, Anterior Column, Percutaneous Endoscopic Approach",spineFusion,Percutaneous Endoscopic Approach
0SG14J0,"Fusion of 2 or more Lumbar Vertebral Joints with Synthetic Substitute, Anterior Approach, Anterior Column, Percutaneous Endoscopic Approach",spineFusion,Percutaneous Endoscopic Approach
0SG14J1,"Fusion of 2 or more Lumbar Vertebral Joints with Synthetic Substitute, Posterior Approach, Posterior Column, Percutaneous Endoscopic Approach",spineFusion,Percutaneous Endoscopic Approach
0SG14JJ,"Fusion of 2 or more Lumbar Vertebral Joints with Synthetic Substitute, Posterior Approach, Anterior Column, Percutaneous Endoscopic Approach",spineFusion,Percutaneous Endoscopic Approach
0SG14K0,"Fusion of 2 or more Lumbar Vertebral Joints with Nonautologous Tissue Substitute, Anterior Approach, Anterior Column, Percutaneous Endoscopic Approach",spineFusion,Percutaneous Endoscopic Approach
0SG14K1,"Fusion of 2 or more Lumbar Vertebral Joints with Nonautologous Tissue Substitute, Posterior Approach, Posterior Column, Percutaneous Endoscopic Approach",spineFusion,Percutaneous Endoscopic Approach
0SG14KJ,"Fusion of 2 or more Lumbar Vertebral Joints with Nonautologous Tissue Substitute, Posterior Approach, Anterior Column, Percutaneous Endoscopic Approach",spineFusion,Percutaneous Endoscopic Approach
0SG14Z0,"Fusion of 2 or more Lumbar Vertebral Joints, Anterior Approach, Anterior Column, Percutaneous Endoscopic Approach",spineFusion,Percutaneous Endoscopic Approach
0SG14Z1,"Fusion of 2 or more Lumbar Vertebral Joints, Posterior Approach, Posterior Column, Percutaneous Endoscopic Approach",spineFusion,Percutaneous Endoscopic Approach
0SG14ZJ,"Fusion of 2 or more Lumbar Vertebral Joints, Posterior Approach, Anterior Column, Percutaneous Endoscopic Approach",spineFusion,Percutaneous Endoscopic Approach
0SG3070,"Fusion of Lumbosacral Joint with Autologous Tissue Substitute, Anterior Approach, Anterior Column, Open Approach",spineFusion,Open Approach
0SG3071,"Fusion of Lumbosacral Joint with Autologous Tissue Substitute, Posterior Approach, Posterior Column, Open Approach",spineFusion,Open Approach
0SG307J,"Fusion of Lumbosacral Joint with Autologous Tissue Substitute, Posterior Approach, Anterior Column, Open Approach",spineFusion,Open Approach
0SG30A0,"Fusion of Lumbosacral Joint with Interbody Fusion Device, Anterior Approach, Anterior Column, Open Approach",spineFusion,Open Approach
0SG30A1,NA,spineFusion,NA
0SG30AJ,"Fusion of Lumbosacral Joint with Interbody Fusion Device, Posterior Approach, Anterior Column, Open Approach",spineFusion,Open Approach
0SG30J0,"Fusion of Lumbosacral Joint with Synthetic Substitute, Anterior Approach, Anterior Column, Open Approach",spineFusion,Open Approach
0SG30J1,"Fusion of Lumbosacral Joint with Synthetic Substitute, Posterior Approach, Posterior Column, Open Approach",spineFusion,Open Approach
0SG30JJ,"Fusion of Lumbosacral Joint with Synthetic Substitute, Posterior Approach, Anterior Column, Open Approach",spineFusion,Open Approach
0SG30K0,"Fusion of Lumbosacral Joint with Nonautologous Tissue Substitute, Anterior Approach, Anterior Column, Open Approach",spineFusion,Open Approach
0SG30K1,"Fusion of Lumbosacral Joint with Nonautologous Tissue Substitute, Posterior Approach, Posterior Column, Open Approach",spineFusion,Open Approach
0SG30KJ,"Fusion of Lumbosacral Joint with Nonautologous Tissue Substitute, Posterior Approach, Anterior Column, Open Approach",spineFusion,Open Approach
0SG30Z0,"Fusion of Lumbosacral Joint, Anterior Approach, Anterior Column, Open Approach",spineFusion,Open Approach
0SG30Z1,"Fusion of Lumbosacral Joint, Posterior Approach, Posterior Column, Open Approach",spineFusion,Open Approach
0SG30ZJ,"Fusion of Lumbosacral Joint, Posterior Approach, Anterior Column, Open Approach",spineFusion,Open Approach
0SG3370,"Fusion of Lumbosacral Joint with Autologous Tissue Substitute, Anterior Approach, Anterior Column, Percutaneous Approach",spineFusion,Percutaneous Approach
0SG3371,"Fusion of Lumbosacral Joint with Autologous Tissue Substitute, Posterior Approach, Posterior Column, Percutaneous Approach",spineFusion,Percutaneous Approach
0SG337J,"Fusion of Lumbosacral Joint with Autologous Tissue Substitute, Posterior Approach, Anterior Column, Percutaneous Approach",spineFusion,Percutaneous Approach
0SG33A0,"Fusion of Lumbosacral Joint with Interbody Fusion Device, Anterior Approach, Anterior Column, Percutaneous Approach",spineFusion,Percutaneous Approach
0SG33A1,NA,spineFusion,NA
0SG33AJ,"Fusion of Lumbosacral Joint with Interbody Fusion Device, Posterior Approach, Anterior Column, Percutaneous Approach",spineFusion,Percutaneous Approach
0SG33J0,"Fusion of Lumbosacral Joint with Synthetic Substitute, Anterior Approach, Anterior Column, Percutaneous Approach",spineFusion,Percutaneous Approach
0SG33J1,"Fusion of Lumbosacral Joint with Synthetic Substitute, Posterior Approach, Posterior Column, Percutaneous Approach",spineFusion,Percutaneous Approach
0SG33JJ,"Fusion of Lumbosacral Joint with Synthetic Substitute, Posterior Approach, Anterior Column, Percutaneous Approach",spineFusion,Percutaneous Approach
0SG33K0,"Fusion of Lumbosacral Joint with Nonautologous Tissue Substitute, Anterior Approach, Anterior Column, Percutaneous Approach",spineFusion,Percutaneous Approach
0SG33K1,"Fusion of Lumbosacral Joint with Nonautologous Tissue Substitute, Posterior Approach, Posterior Column, Percutaneous Approach",spineFusion,Percutaneous Approach
0SG33KJ,"Fusion of Lumbosacral Joint with Nonautologous Tissue Substitute, Posterior Approach, Anterior Column, Percutaneous Approach",spineFusion,Percutaneous Approach
0SG33Z0,"Fusion of Lumbosacral Joint, Anterior Approach, Anterior Column, Percutaneous Approach",spineFusion,Percutaneous Approach
0SG33Z1,"Fusion of Lumbosacral Joint, Posterior Approach, Posterior Column, Percutaneous Approach",spineFusion,Percutaneous Approach
0SG33ZJ,"Fusion of Lumbosacral Joint, Posterior Approach, Anterior Column, Percutaneous Approach",spineFusion,Percutaneous Approach
0SG3470,"Fusion of Lumbosacral Joint with Autologous Tissue Substitute, Anterior Approach, Anterior Column, Percutaneous Endoscopic Approach",spineFusion,Percutaneous Endoscopic Approach
0SG3471,"Fusion of Lumbosacral Joint with Autologous Tissue Substitute, Posterior Approach, Posterior Column, Percutaneous Endoscopic Approach",spineFusion,Percutaneous Endoscopic Approach
0SG347J,"Fusion of Lumbosacral Joint with Autologous Tissue Substitute, Posterior Approach, Anterior Column, Percutaneous Endoscopic Approach",spineFusion,Percutaneous Endoscopic Approach
0SG34A0,"Fusion of Lumbosacral Joint with Interbody Fusion Device, Anterior Approach, Anterior Column, Percutaneous Endoscopic Approach",spineFusion,Percutaneous Endoscopic Approach
0SG34A1,NA,spineFusion,NA
0SG34AJ,"Fusion of Lumbosacral Joint with Interbody Fusion Device, Posterior Approach, Anterior Column, Percutaneous Endoscopic Approach",spineFusion,Percutaneous Endoscopic Approach
0SG34J0,"Fusion of Lumbosacral Joint with Synthetic Substitute, Anterior Approach, Anterior Column, Percutaneous Endoscopic Approach",spineFusion,Percutaneous Endoscopic Approach
0SG34J1,"Fusion of Lumbosacral Joint with Synthetic Substitute, Posterior Approach, Posterior Column, Percutaneous Endoscopic Approach",spineFusion,Percutaneous Endoscopic Approach
0SG34JJ,"Fusion of Lumbosacral Joint with Synthetic Substitute, Posterior Approach, Anterior Column, Percutaneous Endoscopic Approach",spineFusion,Percutaneous Endoscopic Approach
0SG34K0,"Fusion of Lumbosacral Joint with Nonautologous Tissue Substitute, Anterior Approach, Anterior Column, Percutaneous Endoscopic Approach",spineFusion,Percutaneous Endoscopic Approach
0SG34K1,"Fusion of Lumbosacral Joint with Nonautologous Tissue Substitute, Posterior Approach, Posterior Column, Percutaneous Endoscopic Approach",spineFusion,Percutaneous Endoscopic Approach
0SG34KJ,"Fusion of Lumbosacral Joint with Nonautologous Tissue Substitute, Posterior Approach, Anterior Column, Percutaneous Endoscopic Approach",spineFusion,Percutaneous Endoscopic Approach
0SG34Z0,"Fusion of Lumbosacral Joint, Anterior Approach, Anterior Column, Percutaneous Endoscopic Approach",spineFusion,Percutaneous Endoscopic Approach
0SG34Z1,"Fusion of Lumbosacral Joint, Posterior Approach, Posterior Column, Percutaneous Endoscopic Approach",spineFusion,Percutaneous Endoscopic Approach
0SG34ZJ,"Fusion of Lumbosacral Joint, Posterior Approach, Anterior Column, Percutaneous Endoscopic Approach",spineFusion,Percutaneous Endoscopic Approach
0SH004Z,"Insertion of Internal Fixation Device into Lumbar Vertebral Joint, Open Approach",spineFusion,Open Approach
0SH00BZ,"Insertion of Interspinous Process Spinal Stabilization Device into Lumbar Vertebral Joint, Open Approach",spineFusion,Open Approach
0SH00CZ,"Insertion of Pedicle-Based Spinal Stabilization Device into Lumbar Vertebral Joint, Open Approach",spineFusion,Open Approach
0SH00DZ,"Insertion of Facet Replacement Spinal Stabilization Device into Lumbar Vertebral Joint, Open Approach",spineFusion,Open Approach
0SH034Z,"Insertion of Internal Fixation Device into Lumbar Vertebral Joint, Percutaneous Approach",spineFusion,Percutaneous Approach
0SH03BZ,"Insertion of Interspinous Process Spinal Stabilization Device into Lumbar Vertebral Joint, Percutaneous Approach",spineFusion,Percutaneous Approach
0SH03CZ,"Insertion of Pedicle-Based Spinal Stabilization Device into Lumbar Vertebral Joint, Percutaneous Approach",spineFusion,Percutaneous Approach
0SH03DZ,"Insertion of Facet Replacement Spinal Stabilization Device into Lumbar Vertebral Joint, Percutaneous Approach",spineFusion,Percutaneous Approach
0SH044Z,"Insertion of Internal Fixation Device into Lumbar Vertebral Joint, Percutaneous Endoscopic Approach",spineFusion,Percutaneous Endoscopic Approach
0SH04BZ,"Insertion of Interspinous Process Spinal Stabilization Device into Lumbar Vertebral Joint, Percutaneous Endoscopic Approach",spineFusion,Percutaneous Endoscopic Approach
0SH04CZ,"Insertion of Pedicle-Based Spinal Stabilization Device into Lumbar Vertebral Joint, Percutaneous Endoscopic Approach",spineFusion,Percutaneous Endoscopic Approach
0SH04DZ,"Insertion of Facet Replacement Spinal Stabilization Device into Lumbar Vertebral Joint, Percutaneous Endoscopic Approach",spineFusion,Percutaneous Endoscopic Approach
0SH304Z,"Insertion of Internal Fixation Device into Lumbosacral Joint, Open Approach",spineFusion,Open Approach
0SH30BZ,"Insertion of Interspinous Process Spinal Stabilization Device into Lumbosacral Joint, Open Approach",spineFusion,Open Approach
0SH30CZ,"Insertion of Pedicle-Based Spinal Stabilization Device into Lumbosacral Joint, Open Approach",spineFusion,Open Approach
0SH30DZ,"Insertion of Facet Replacement Spinal Stabilization Device into Lumbosacral Joint, Open Approach",spineFusion,Open Approach
0SH334Z,"Insertion of Internal Fixation Device into Lumbosacral Joint, Percutaneous Approach",spineFusion,Percutaneous Approach
0SH33BZ,"Insertion of Interspinous Process Spinal Stabilization Device into Lumbosacral Joint, Percutaneous Approach",spineFusion,Percutaneous Approach
0SH33CZ,"Insertion of Pedicle-Based Spinal Stabilization Device into Lumbosacral Joint, Percutaneous Approach",spineFusion,Percutaneous Approach
0SH33DZ,"Insertion of Facet Replacement Spinal Stabilization Device into Lumbosacral Joint, Percutaneous Approach",spineFusion,Percutaneous Approach
0SH344Z,"Insertion of Internal Fixation Device into Lumbosacral Joint, Percutaneous Endoscopic Approach",spineFusion,Percutaneous Endoscopic Approach
0SH34BZ,"Insertion of Interspinous Process Spinal Stabilization Device into Lumbosacral Joint, Percutaneous Endoscopic Approach",spineFusion,Percutaneous Endoscopic Approach
0SH34CZ,"Insertion of Pedicle-Based Spinal Stabilization Device into Lumbosacral Joint, Percutaneous Endoscopic Approach",spineFusion,Percutaneous Endoscopic Approach
0SH34DZ,"Insertion of Facet Replacement Spinal Stabilization Device into Lumbosacral Joint, Percutaneous Endoscopic Approach",spineFusion,Percutaneous Endoscopic Approach
0SP004Z,"Removal of Internal Fixation Device from Lumbar Vertebral Joint, Open Approach",spineFusion,Open Approach
0SP00AZ,"Removal of Interbody Fusion Device from Lumbar Vertebral Joint, Open Approach",spineFusion,Open Approach
0SP034Z,"Removal of Internal Fixation Device from Lumbar Vertebral Joint, Percutaneous Approach",spineFusion,Percutaneous Approach
0SP03AZ,"Removal of Interbody Fusion Device from Lumbar Vertebral Joint, Percutaneous Approach",spineFusion,Percutaneous Approach
0SP044Z,"Removal of Internal Fixation Device from Lumbar Vertebral Joint, Percutaneous Endoscopic Approach",spineFusion,Percutaneous Endoscopic Approach
0SP04AZ,"Removal of Interbody Fusion Device from Lumbar Vertebral Joint, Percutaneous Endoscopic Approach",spineFusion,Percutaneous Endoscopic Approach
0SP0X4Z,"Removal of Internal Fixation Device from Lumbar Vertebral Joint, External Approach",spineFusion,External Approach
0SP304Z,"Removal of Internal Fixation Device from Lumbosacral Joint, Open Approach",spineFusion,Open Approach
0SP30AZ,"Removal of Interbody Fusion Device from Lumbosacral Joint, Open Approach",spineFusion,Open Approach
0SP334Z,"Removal of Internal Fixation Device from Lumbosacral Joint, Percutaneous Approach",spineFusion,Percutaneous Approach
0SP33AZ,"Removal of Interbody Fusion Device from Lumbosacral Joint, Percutaneous Approach",spineFusion,Percutaneous Approach
0SP344Z,"Removal of Internal Fixation Device from Lumbosacral Joint, Percutaneous Endoscopic Approach",spineFusion,Percutaneous Endoscopic Approach
0SP34AZ,"Removal of Interbody Fusion Device from Lumbosacral Joint, Percutaneous Endoscopic Approach",spineFusion,Percutaneous Endoscopic Approach
0SP3X4Z,"Removal of Internal Fixation Device from Lumbosacral Joint, External Approach",spineFusion,External Approach
0SS004Z,"Reposition Lumbar Vertebral Joint with Internal Fixation Device, Open Approach",spineFusion,Open Approach
0SS00ZZ,"Reposition Lumbar Vertebral Joint, Open Approach",spineFusion,Open Approach
0SS034Z,"Reposition Lumbar Vertebral Joint with Internal Fixation Device, Percutaneous Approach",spineFusion,Percutaneous Approach
0SS03ZZ,"Reposition Lumbar Vertebral Joint, Percutaneous Approach",spineFusion,Percutaneous Approach
0SS044Z,"Reposition Lumbar Vertebral Joint with Internal Fixation Device, Percutaneous Endoscopic Approach",spineFusion,Percutaneous Endoscopic Approach
0SS04ZZ,"Reposition Lumbar Vertebral Joint, Percutaneous Endoscopic Approach",spineFusion,Percutaneous Endoscopic Approach
0SS0X4Z,"Reposition Lumbar Vertebral Joint with Internal Fixation Device, External Approach",spineFusion,External Approach
0SS304Z,"Reposition Lumbosacral Joint with Internal Fixation Device, Open Approach",spineFusion,Open Approach
0SS30ZZ,"Reposition Lumbosacral Joint, Open Approach",spineFusion,Open Approach
0SS334Z,"Reposition Lumbosacral Joint with Internal Fixation Device, Percutaneous Approach",spineFusion,Percutaneous Approach
0SS33ZZ,"Reposition Lumbosacral Joint, Percutaneous Approach",spineFusion,Percutaneous Approach
0SS344Z,"Reposition Lumbosacral Joint with Internal Fixation Device, Percutaneous Endoscopic Approach",spineFusion,Percutaneous Endoscopic Approach
0SS34ZZ,"Reposition Lumbosacral Joint, Percutaneous Endoscopic Approach",spineFusion,Percutaneous Endoscopic Approach
0SS3X4Z,"Reposition Lumbosacral Joint with Internal Fixation Device, External Approach",spineFusion,External Approach
0SW004Z,"Revision of Internal Fixation Device in Lumbar Vertebral Joint, Open Approach",spineFusion,Open Approach
0SW00AZ,"Revision of Interbody Fusion Device in Lumbar Vertebral Joint, Open Approach",spineFusion,Open Approach
0SW034Z,"Revision of Internal Fixation Device in Lumbar Vertebral Joint, Percutaneous Approach",spineFusion,Percutaneous Approach
0SW03AZ,"Revision of Interbody Fusion Device in Lumbar Vertebral Joint, Percutaneous Approach",spineFusion,Percutaneous Approach
0SW044Z,"Revision of Internal Fixation Device in Lumbar Vertebral Joint, Percutaneous Endoscopic Approach",spineFusion,Percutaneous Endoscopic Approach
0SW04AZ,"Revision of Interbody Fusion Device in Lumbar Vertebral Joint, Percutaneous Endoscopic Approach",spineFusion,Percutaneous Endoscopic Approach
0SW0X4Z,"Revision of Internal Fixation Device in Lumbar Vertebral Joint, External Approach",spineFusion,External Approach
0SW0XAZ,"Revision of Interbody Fusion Device in Lumbar Vertebral Joint, External Approach",spineFusion,External Approach
0SW304Z,"Revision of Internal Fixation Device in Lumbosacral Joint, Open Approach",spineFusion,Open Approach
0SW30AZ,"Revision of Interbody Fusion Device in Lumbosacral Joint, Open Approach",spineFusion,Open Approach
0SW334Z,"Revision of Internal Fixation Device in Lumbosacral Joint, Percutaneous Approach",spineFusion,Percutaneous Approach
0SW33AZ,"Revision of Interbody Fusion Device in Lumbosacral Joint, Percutaneous Approach",spineFusion,Percutaneous Approach
0SW344Z,"Revision of Internal Fixation Device in Lumbosacral Joint, Percutaneous Endoscopic Approach",spineFusion,Percutaneous Endoscopic Approach
0SW34AZ,"Revision of Interbody Fusion Device in Lumbosacral Joint, Percutaneous Endoscopic Approach",spineFusion,Percutaneous Endoscopic Approach
0SW3X4Z,"Revision of Internal Fixation Device in Lumbosacral Joint, External Approach",spineFusion,External Approach
0SW3XAZ,"Revision of Interbody Fusion Device in Lumbosacral Joint, External Approach",spineFusion,External Approach
XRG0092,"Fusion of Occipital-cervical Joint using Nanotextured Surface Interbody Fusion Device, Open Approach, New Technology Group 2",spineFusion,Open Approach
XRG00F3,"Fusion of Occipital-cervical Joint using Radiolucent Porous Interbody Fusion Device, Open Approach, New Technology Group 3",spineFusion,Open Approach
XRG1092,"Fusion of Cervical Vertebral Joint using Nanotextured Surface Interbody Fusion Device, Open Approach, New Technology Group 2",spineFusion,Open Approach
XRG10F3,"Fusion of Cervical Vertebral Joint using Radiolucent Porous Interbody Fusion Device, Open Approach, New Technology Group 3",spineFusion,Open Approach
XRG2092,"Fusion of 2 or more Cervical Vertebral Joints using Nanotextured Surface Interbody Fusion Device, Open Approach, New Technology Group 2",spineFusion,Open Approach
XRG20F3,"Fusion of 2 or more Cervical Vertebral Joints using Radiolucent Porous Interbody Fusion Device, Open Approach, New Technology Group 3",spineFusion,Open Approach
XRG4092,"Fusion of Cervicothoracic Vertebral Joint using Nanotextured Surface Interbody Fusion Device, Open Approach, New Technology Group 2",spineFusion,Open Approach
XRG40F3,"Fusion of Cervicothoracic Vertebral Joint using Radiolucent Porous Interbody Fusion Device, Open Approach, New Technology Group 3",spineFusion,Open Approach
XRG6092,"Fusion of Thoracic Vertebral Joint using Nanotextured Surface Interbody Fusion Device, Open Approach, New Technology Group 2",spineFusion,Open Approach
XRG60F3,"Fusion of Thoracic Vertebral Joint using Radiolucent Porous Interbody Fusion Device, Open Approach, New Technology Group 3",spineFusion,Open Approach
XRG7092,"Fusion of 2 to 7 Thoracic Vertebral Joints using Nanotextured Surface Interbody Fusion Device, Open Approach, New Technology Group 2",spineFusion,Open Approach
XRG70F3,"Fusion of 2 to 7 Thoracic Vertebral Joints using Radiolucent Porous Interbody Fusion Device, Open Approach, New Technology Group 3",spineFusion,Open Approach
XRG8092,"Fusion of 8 or more Thoracic Vertebral Joints using Nanotextured Surface Interbody Fusion Device, Open Approach, New Technology Group 2",spineFusion,Open Approach
XRG80F3,"Fusion of 8 or more Thoracic Vertebral Joints using Radiolucent Porous Interbody Fusion Device, Open Approach, New Technology Group 3",spineFusion,Open Approach
XRGA092,"Fusion of Thoracolumbar Vertebral Joint using Nanotextured Surface Interbody Fusion Device, Open Approach, New Technology Group 2",spineFusion,Open Approach
XRGA0EA,"Fusion of Thoracolumbar Vertebral Joint using Facet Joint Fusion Device, Paired Titanium Cages, Open Approach, New Technology Group 10",spineFusion,Open Approach
XRGA0F3,"Fusion of Thoracolumbar Vertebral Joint using Radiolucent Porous Interbody Fusion Device, Open Approach, New Technology Group 3",spineFusion,Open Approach
XRGA0R7,"Fusion of Thoracolumbar Vertebral Joint using Custom-Made Anatomically Designed Interbody Fusion Device, Open Approach, New Technology Group 7",spineFusion,Open Approach
XRGA3R7,"Fusion of Thoracolumbar Vertebral Joint using Custom-Made Anatomically Designed Interbody Fusion Device, Percutaneous Approach, New Technology Group 7",spineFusion,Percutaneous Approach
XRGA4R7,"Fusion of Thoracolumbar Vertebral Joint using Custom-Made Anatomically Designed Interbody Fusion Device, Percutaneous Endoscopic Approach, New Technology Group 7",spineFusion,Percutaneous Endoscopic Approach
XRGB092,"Fusion of Lumbar Vertebral Joint using Nanotextured Surface Interbody Fusion Device, Open Approach, New Technology Group 2",spineFusion,Open Approach
XRGB0EA,"Fusion of Lumbar Vertebral Joint using Facet Joint Fusion Device, Paired Titanium Cages, Open Approach, New Technology Group 10",spineFusion,Open Approach
XRGB0F3,"Fusion of Lumbar Vertebral Joint using Radiolucent Porous Interbody Fusion Device, Open Approach, New Technology Group 3",spineFusion,Open Approach
XRGB0R7,"Fusion of Lumbar Vertebral Joint using Custom-Made Anatomically Designed Interbody Fusion Device, Open Approach, New Technology Group 7",spineFusion,Open Approach
XRGB3R7,"Fusion of Lumbar Vertebral Joint using Custom-Made Anatomically Designed Interbody Fusion Device, Percutaneous Approach, New Technology Group 7",spineFusion,Percutaneous Approach
XRGB4R7,"Fusion of Lumbar Vertebral Joint using Custom-Made Anatomically Designed Interbody Fusion Device, Percutaneous Endoscopic Approach, New Technology Group 7",spineFusion,Percutaneous Endoscopic Approach
XRGC092,"Fusion of 2 or more Lumbar Vertebral Joints using Nanotextured Surface Interbody Fusion Device, Open Approach, New Technology Group 2",spineFusion,Open Approach
XRGC0EA,"Fusion of 2 or more Lumbar Vertebral Joints using Facet Joint Fusion Device, Paired Titanium Cages, Open Approach, New Technology Group 10",spineFusion,Open Approach
XRGC0F3,"Fusion of 2 or more Lumbar Vertebral Joints using Radiolucent Porous Interbody Fusion Device, Open Approach, New Technology Group 3",spineFusion,Open Approach
XRGC0R7,"Fusion of 2 or more Lumbar Vertebral Joints using Custom-Made Anatomically Designed Interbody Fusion Device, Open Approach, New Technology Group 7",spineFusion,Open Approach
XRGC3R7,"Fusion of 2 or more Lumbar Vertebral Joints using Custom-Made Anatomically Designed Interbody Fusion Device, Percutaneous Approach, New Technology Group 7",spineFusion,Percutaneous Approach
XRGC4R7,"Fusion of 2 or more Lumbar Vertebral Joints using Custom-Made Anatomically Designed Interbody Fusion Device, Percutaneous Endoscopic Approach, New Technology Group 7",spineFusion,Percutaneous Endoscopic Approach
XRGD092,"Fusion of Lumbosacral Joint using Nanotextured Surface Interbody Fusion Device, Open Approach, New Technology Group 2",spineFusion,Open Approach
XRGD0EA,"Fusion of Lumbosacral Joint using Facet Joint Fusion Device, Paired Titanium Cages, Open Approach, New Technology Group 10",spineFusion,Open Approach
XRGD0F3,"Fusion of Lumbosacral Joint using Radiolucent Porous Interbody Fusion Device, Open Approach, New Technology Group 3",spineFusion,Open Approach
XRGD0R7,"Fusion of Lumbosacral Joint using Custom-Made Anatomically Designed Interbody Fusion Device, Open Approach, New Technology Group 7",spineFusion,Open Approach
XRGD3R7,"Fusion of Lumbosacral Joint using Custom-Made Anatomically Designed Interbody Fusion Device, Percutaneous Approach, New Technology Group 7",spineFusion,Percutaneous Approach
XRGD4R7,"Fusion of Lumbosacral Joint using Custom-Made Anatomically Designed Interbody Fusion Device, Percutaneous Endoscopic Approach, New Technology Group 7",spineFusion,Percutaneous Endoscopic Approach
XRH60FA,"Insertion of Pedicle Based Carbon/PEEK Spinal Stabilization Device into Thoracic Vertebral Joint, Open Approach, New Technology Group 10",spineFusion,Open Approach
XRH63FA,"Insertion of Pedicle Based Carbon/PEEK Spinal Stabilization Device into Thoracic Vertebral Joint, Percutaneous Approach, New Technology Group 10",spineFusion,Percutaneous Approach
XRH64FA,"Insertion of Pedicle Based Carbon/PEEK Spinal Stabilization Device into Thoracic Vertebral Joint, Percutaneous Endoscopic Approach, New Technology Group 10",spineFusion,Percutaneous Endoscopic Approach
XRH70FA,"Insertion of Pedicle Based Carbon/PEEK Spinal Stabilization Device into 2 to 7 Thoracic Vertebral Joints, Open Approach, New Technology Group 10",spineFusion,Open Approach
XRH73FA,"Insertion of Pedicle Based Carbon/PEEK Spinal Stabilization Device into 2 to 7 Thoracic Vertebral Joints, Percutaneous Approach, New Technology Group 10",spineFusion,Percutaneous Approach
XRH74FA,"Insertion of Pedicle Based Carbon/PEEK Spinal Stabilization Device into 2 to 7 Thoracic Vertebral Joints, Percutaneous Endoscopic Approach, New Technology Group 10",spineFusion,Percutaneous Endoscopic Approach
XRH80FA,"Insertion of Pedicle Based Carbon/PEEK Spinal Stabilization Device into 8 or more Thoracic Vertebral Joints, Open Approach, New Technology Group 10",spineFusion,Open Approach
XRH83FA,"Insertion of Pedicle Based Carbon/PEEK Spinal Stabilization Device into 8 or more Thoracic Vertebral Joints, Percutaneous Approach, New Technology Group 10",spineFusion,Percutaneous Approach
XRH84FA,"Insertion of Pedicle Based Carbon/PEEK Spinal Stabilization Device into 8 or more Thoracic Vertebral Joints, Percutaneous Endoscopic Approach, New Technology Group 10",spineFusion,Percutaneous Endoscopic Approach
XRHA0FA,"Insertion of Pedicle Based Carbon/PEEK Spinal Stabilization Device into Thoracolumbar Vertebral Joint, Open Approach, New Technology Group 10",spineFusion,Open Approach
XRHA3FA,"Insertion of Pedicle Based Carbon/PEEK Spinal Stabilization Device into Thoracolumbar Vertebral Joint, Percutaneous Approach, New Technology Group 10",spineFusion,Percutaneous Approach
XRHA4FA,"Insertion of Pedicle Based Carbon/PEEK Spinal Stabilization Device into Thoracolumbar Vertebral Joint, Percutaneous Endoscopic Approach, New Technology Group 10",spineFusion,Percutaneous Endoscopic Approach
XRHB0FA,"Insertion of Pedicle Based Carbon/PEEK Spinal Stabilization Device into Lumbar Vertebral Joint, Open Approach, New Technology Group 10",spineFusion,Open Approach
XRHB3FA,"Insertion of Pedicle Based Carbon/PEEK Spinal Stabilization Device into Lumbar Vertebral Joint, Percutaneous Approach, New Technology Group 10",spineFusion,Percutaneous Approach
XRHB4FA,"Insertion of Pedicle Based Carbon/PEEK Spinal Stabilization Device into Lumbar Vertebral Joint, Percutaneous Endoscopic Approach, New Technology Group 10",spineFusion,Percutaneous Endoscopic Approach
XRHC0FA,"Insertion of Pedicle Based Carbon/PEEK Spinal Stabilization Device into 2 or more Lumbar Vertebral Joints, Open Approach, New Technology Group 10",spineFusion,Open Approach
XRHC3FA,"Insertion of Pedicle Based Carbon/PEEK Spinal Stabilization Device into 2 or more Lumbar Vertebral Joints, Percutaneous Approach, New Technology Group 10",spineFusion,Percutaneous Approach
XRHC4FA,"Insertion of Pedicle Based Carbon/PEEK Spinal Stabilization Device into 2 or more Lumbar Vertebral Joints, Percutaneous Endoscopic Approach, New Technology Group 10",spineFusion,Percutaneous Endoscopic Approach
XRHD0FA,"Insertion of Pedicle Based Carbon/PEEK Spinal Stabilization Device into Lumbosacral Joint, Open Approach, New Technology Group 10",spineFusion,Open Approach
XRHD3FA,"Insertion of Pedicle Based Carbon/PEEK Spinal Stabilization Device into Lumbosacral Joint, Percutaneous Approach, New Technology Group 10",spineFusion,Percutaneous Approach
XRHD4FA,"Insertion of Pedicle Based Carbon/PEEK Spinal Stabilization Device into Lumbosacral Joint, Percutaneous Endoscopic Approach, New Technology Group 10",spineFusion,Percutaneous Endoscopic Approach
0G5G0Z3,"Destruction of Left Thyroid Gland Lobe using Laser Interstitial Thermal Therapy, Open Approach",thyroid,Open Approach
0G5G0ZZ,"Destruction of Left Thyroid Gland Lobe, Open Approach",thyroid,Open Approach
0G5G3Z3,"Destruction of Left Thyroid Gland Lobe using Laser Interstitial Thermal Therapy, Percutaneous Approach",thyroid,Percutaneous Approach
0G5G3ZZ,"Destruction of Left Thyroid Gland Lobe, Percutaneous Approach",thyroid,Percutaneous Approach
0G5G4Z3,"Destruction of Left Thyroid Gland Lobe using Laser Interstitial Thermal Therapy, Percutaneous Endoscopic Approach",thyroid,Percutaneous Endoscopic Approach
0G5G4ZZ,"Destruction of Left Thyroid Gland Lobe, Percutaneous Endoscopic Approach",thyroid,Percutaneous Endoscopic Approach
0G5H0Z3,"Destruction of Right Thyroid Gland Lobe using Laser Interstitial Thermal Therapy, Open Approach",thyroid,Open Approach
0G5H0ZZ,"Destruction of Right Thyroid Gland Lobe, Open Approach",thyroid,Open Approach
0G5H3Z3,"Destruction of Right Thyroid Gland Lobe using Laser Interstitial Thermal Therapy, Percutaneous Approach",thyroid,Percutaneous Approach
0G5H3ZZ,"Destruction of Right Thyroid Gland Lobe, Percutaneous Approach",thyroid,Percutaneous Approach
0G5H4Z3,"Destruction of Right Thyroid Gland Lobe using Laser Interstitial Thermal Therapy, Percutaneous Endoscopic Approach",thyroid,Percutaneous Endoscopic Approach
0G5H4ZZ,"Destruction of Right Thyroid Gland Lobe, Percutaneous Endoscopic Approach",thyroid,Percutaneous Endoscopic Approach
0G5K0Z3,"Destruction of Thyroid Gland using Laser Interstitial Thermal Therapy, Open Approach",thyroid,Open Approach
0G5K0ZZ,"Destruction of Thyroid Gland, Open Approach",thyroid,Open Approach
0G5K3Z3,"Destruction of Thyroid Gland using Laser Interstitial Thermal Therapy, Percutaneous Approach",thyroid,Percutaneous Approach
0G5K3ZZ,"Destruction of Thyroid Gland, Percutaneous Approach",thyroid,Percutaneous Approach
0G5K4Z3,"Destruction of Thyroid Gland using Laser Interstitial Thermal Therapy, Percutaneous Endoscopic Approach",thyroid,Percutaneous Endoscopic Approach
0G5K4ZZ,"Destruction of Thyroid Gland, Percutaneous Endoscopic Approach",thyroid,Percutaneous Endoscopic Approach
0GBG0ZZ,"Excision of Left Thyroid Gland Lobe, Open Approach",thyroid,Open Approach
0GBG3ZZ,"Excision of Left Thyroid Gland Lobe, Percutaneous Approach",thyroid,Percutaneous Approach
0GBG4ZZ,"Excision of Left Thyroid Gland Lobe, Percutaneous Endoscopic Approach",thyroid,Percutaneous Endoscopic Approach
0GBH0ZZ,"Excision of Right Thyroid Gland Lobe, Open Approach",thyroid,Open Approach
0GBH3ZZ,"Excision of Right Thyroid Gland Lobe, Percutaneous Approach",thyroid,Percutaneous Approach
0GBH4ZZ,"Excision of Right Thyroid Gland Lobe, Percutaneous Endoscopic Approach",thyroid,Percutaneous Endoscopic Approach
0GBJ0ZZ,"Excision of Thyroid Gland Isthmus, Open Approach",thyroid,Open Approach
0GBJ3ZZ,"Excision of Thyroid Gland Isthmus, Percutaneous Approach",thyroid,Percutaneous Approach
0GBJ4ZZ,"Excision of Thyroid Gland Isthmus, Percutaneous Endoscopic Approach",thyroid,Percutaneous Endoscopic Approach
0GCK0ZZ,"Extirpation of Matter from Thyroid Gland, Open Approach",thyroid,Open Approach
0GCK4ZZ,"Extirpation of Matter from Thyroid Gland, Percutaneous Endoscopic Approach",thyroid,Percutaneous Endoscopic Approach
0GMG0ZZ,"Reattachment of Left Thyroid Gland Lobe, Open Approach",thyroid,Open Approach
0GMG4ZZ,"Reattachment of Left Thyroid Gland Lobe, Percutaneous Endoscopic Approach",thyroid,Percutaneous Endoscopic Approach
0GMH0ZZ,"Reattachment of Right Thyroid Gland Lobe, Open Approach",thyroid,Open Approach
0GMH4ZZ,"Reattachment of Right Thyroid Gland Lobe, Percutaneous Endoscopic Approach",thyroid,Percutaneous Endoscopic Approach
0GSG0ZZ,"Reposition Left Thyroid Gland Lobe, Open Approach",thyroid,Open Approach
0GSG4ZZ,"Reposition Left Thyroid Gland Lobe, Percutaneous Endoscopic Approach",thyroid,Percutaneous Endoscopic Approach
0GSH0ZZ,"Reposition Right Thyroid Gland Lobe, Open Approach",thyroid,Open Approach
0GSH4ZZ,"Reposition Right Thyroid Gland Lobe, Percutaneous Endoscopic Approach",thyroid,Percutaneous Endoscopic Approach
0GTG0ZZ,"Resection of Left Thyroid Gland Lobe, Open Approach",thyroid,Open Approach
0GTG4ZZ,"Resection of Left Thyroid Gland Lobe, Percutaneous Endoscopic Approach",thyroid,Percutaneous Endoscopic Approach
0GTH0ZZ,"Resection of Right Thyroid Gland Lobe, Open Approach",thyroid,Open Approach
0GTH4ZZ,"Resection of Right Thyroid Gland Lobe, Percutaneous Endoscopic Approach",thyroid,Percutaneous Endoscopic Approach
0GTJ0ZZ,"Resection of Thyroid Gland Isthmus, Open Approach",thyroid,Open Approach
0GTJ4ZZ,"Resection of Thyroid Gland Isthmus, Percutaneous Endoscopic Approach",thyroid,Percutaneous Endoscopic Approach
0GTK0ZZ,"Resection of Thyroid Gland, Open Approach",thyroid,Open Approach
0GTK4ZZ,"Resection of Thyroid Gland, Percutaneous Endoscopic Approach",thyroid,Percutaneous Endoscopic Approach